Employee_ID,Attrition_rate
EID_22713,0.27653756737709045
EID_9658,0.2740046977996826
EID_22203,0.2106114625930786
EID_7652,0.19627681374549866
EID_6516,0.22981670498847961
EID_20283,0.21557128429412842
EID_21014,0.11118850111961365
EID_7693,0.1662885546684265
EID_13232,0.3459354341030121
EID_6515,0.18980178236961365
EID_13639,0.1556585729122162
EID_14669,0.2575691342353821
EID_16537,0.23300200700759888
EID_5782,0.24621805548667908
EID_20157,0.1754278540611267
EID_1855,0.23060449957847595
EID_20748,0.15850210189819336
EID_23179,0.21498286724090576
EID_12838,0.17783716320991516
EID_21656,0.1880299150943756
EID_8844,0.18639296293258667
EID_1536,0.2933160662651062
EID_8822,0.16643103957176208
EID_11398,0.2063489854335785
EID_12965,0.18098273873329163
EID_5204,0.17456534504890442
EID_10030,0.15774977207183838
EID_13227,0.24870240688323975
EID_20607,0.16478300094604492
EID_14070,0.18692734837532043
EID_3755,0.17295444011688232
EID_5459,0.21161893010139465
EID_7697,0.13856640458106995
EID_3935,0.22898191213607788
EID_19046,0.2071152925491333
EID_4040,0.15105554461479187
EID_17730,0.15958794951438904
EID_4995,0.15906468033790588
EID_24653,0.28082364797592163
EID_6978,0.25497955083847046
EID_13775,0.13648086786270142
EID_14608,0.17324021458625793
EID_3148,0.22720766067504883
EID_24868,0.19797703623771667
EID_5521,0.15149688720703125
EID_21155,0.13693591952323914
EID_3840,0.15891239047050476
EID_10646,0.24853137135505676
EID_6711,0.40775421261787415
EID_16247,0.13658735156059265
EID_16789,0.19297119975090027
EID_17967,0.1710517704486847
EID_13270,0.23345234990119934
EID_18462,0.16429755091667175
EID_22248,0.2473905384540558
EID_22693,0.15666568279266357
EID_25662,0.16639378666877747
EID_23346,0.2542937397956848
EID_4437,0.17356979846954346
EID_18108,0.2314302921295166
EID_7000,0.15526553988456726
EID_22770,0.13166192173957825
EID_7816,0.15941959619522095
EID_19615,0.24409490823745728
EID_23807,0.2834460139274597
EID_16764,0.23729854822158813
EID_16818,0.14582234621047974
EID_22712,0.13847923278808594
EID_18198,0.21961063146591187
EID_11154,0.19124534726142883
EID_22137,0.12982264161109924
EID_11655,0.19611796736717224
EID_18514,0.22696536779403687
EID_24742,0.2782001793384552
EID_16019,0.3725271224975586
EID_7357,0.2641386389732361
EID_20106,0.14814358949661255
EID_13284,0.1973710060119629
EID_5451,0.1776975393295288
EID_19728,0.27296409010887146
EID_9178,0.185754656791687
EID_13177,0.14805495738983154
EID_14300,0.14027732610702515
EID_4379,0.19724586606025696
EID_11285,0.3155105412006378
EID_14882,0.27217668294906616
EID_9969,0.1458410620689392
EID_23643,0.22498106956481934
EID_5935,0.2758696973323822
EID_7741,0.16260826587677002
EID_6176,0.2166268527507782
EID_5418,0.22869029641151428
EID_20626,0.22281038761138916
EID_1725,0.16419506072998047
EID_14317,0.2152917981147766
EID_12120,0.19583868980407715
EID_20264,0.1694341003894806
EID_16691,0.12744197249412537
EID_1093,0.1871744990348816
EID_2565,0.18555277585983276
EID_11463,0.17186209559440613
EID_12005,0.17771276831626892
EID_10326,0.24507689476013184
EID_12582,0.17219635844230652
EID_18228,0.17225441336631775
EID_11670,0.1514420211315155
EID_24257,0.12181821465492249
EID_7024,0.2169734239578247
EID_10382,0.24355554580688477
EID_20210,0.25345027446746826
EID_10294,0.20366454124450684
EID_19941,0.12757089734077454
EID_25572,0.14241176843643188
EID_7758,0.19649198651313782
EID_22718,0.2326645851135254
EID_1078,0.12839168310165405
EID_8227,0.22426047921180725
EID_1702,0.25666189193725586
EID_3532,0.30041593313217163
EID_22452,0.1755281388759613
EID_3019,0.17956078052520752
EID_22264,0.30357474088668823
EID_9866,0.23082900047302246
EID_3520,0.17071563005447388
EID_21098,0.1860431432723999
EID_1186,0.1600804328918457
EID_12355,0.18758460879325867
EID_11020,0.17912441492080688
EID_19193,0.18223047256469727
EID_17787,0.13623523712158203
EID_13719,0.15796035528182983
EID_24449,0.29004642367362976
EID_12957,0.2523227035999298
EID_24794,0.21973615884780884
EID_2866,0.1561151146888733
EID_10563,0.18602481484413147
EID_22492,0.19040673971176147
EID_4106,0.18134790658950806
EID_6648,0.1980915665626526
EID_7209,0.15901082754135132
EID_9692,0.2056257426738739
EID_22763,0.13683611154556274
EID_12622,0.19145044684410095
EID_9831,0.21159452199935913
EID_5731,0.20550140738487244
EID_1114,0.23588770627975464
EID_25017,0.23554778099060059
EID_22956,0.20226448774337769
EID_5549,0.2544516324996948
EID_12022,0.15945807099342346
EID_8034,0.21010258793830872
EID_20644,0.29772406816482544
EID_20125,0.146621972322464
EID_21957,0.2097979485988617
EID_8870,0.24791285395622253
EID_2305,0.2018524408340454
EID_3977,0.14724043011665344
EID_14845,0.23674076795578003
EID_6629,0.10373121500015259
EID_14577,0.14444750547409058
EID_24509,0.13147830963134766
EID_1530,0.1923064887523651
EID_21524,0.18467852473258972
EID_6647,0.27804064750671387
EID_19730,0.20241090655326843
EID_4424,0.1486910879611969
EID_7964,0.18168994784355164
EID_6289,0.21555915474891663
EID_2899,0.24708539247512817
EID_2827,0.2582774758338928
EID_8801,0.24553388357162476
EID_20454,0.18592569231987
EID_18988,0.1967431604862213
EID_8405,0.20982486009597778
EID_14497,0.2103496789932251
EID_11769,0.2215796709060669
EID_21353,0.22836622595787048
EID_2221,0.19873204827308655
EID_13218,0.24217745661735535
EID_4576,0.22899821400642395
EID_17470,0.16273602843284607
EID_14817,0.1596863567829132
EID_21845,0.18362188339233398
EID_21987,0.2229991853237152
EID_1168,0.24992826581001282
EID_14315,0.19299417734146118
EID_5043,0.25463348627090454
EID_1967,0.1956341564655304
EID_22274,0.18608510494232178
EID_11091,0.1790161430835724
EID_18421,0.22801661491394043
EID_8316,0.1717109978199005
EID_13308,0.1941528022289276
EID_19481,0.3085286617279053
EID_17732,0.18849432468414307
EID_4504,0.17369848489761353
EID_2539,0.1548665165901184
EID_19529,0.152948260307312
EID_2279,0.1372300684452057
EID_14508,0.19933056831359863
EID_12241,0.29645591974258423
EID_11530,0.19416740536689758
EID_20147,0.1776517629623413
EID_6154,0.206405907869339
EID_3523,0.27530819177627563
EID_20453,0.1784011721611023
EID_11929,0.19981709122657776
EID_12840,0.1914462447166443
EID_22320,0.15261906385421753
EID_25383,0.2242642641067505
EID_10731,0.1916387677192688
EID_1017,0.19420644640922546
EID_1819,0.17275354266166687
EID_22849,0.15790224075317383
EID_12290,0.2225441336631775
EID_24238,0.18418562412261963
EID_3105,0.20498451590538025
EID_14242,0.2096102237701416
EID_16569,0.19656115770339966
EID_8094,0.15285491943359375
EID_7824,0.22525063157081604
EID_8978,0.14384335279464722
EID_25314,0.1969178020954132
EID_17810,0.25208061933517456
EID_14856,0.2165975272655487
EID_22144,0.21065619587898254
EID_23603,0.1486392319202423
EID_7211,0.19820353388786316
EID_19340,0.16849303245544434
EID_1501,0.15615281462669373
EID_22111,0.34013044834136963
EID_16147,0.14137783646583557
EID_16746,0.28247666358947754
EID_20777,0.23074373602867126
EID_12999,0.3455202579498291
EID_21663,0.25033122301101685
EID_11862,0.124921053647995
EID_17683,0.18921291828155518
EID_19819,0.16264542937278748
EID_21562,0.1830257773399353
EID_24390,0.17856642603874207
EID_14444,0.13133504986763
EID_3261,0.15713024139404297
EID_7752,0.22693908214569092
EID_3033,0.16013553738594055
EID_22433,0.1898059844970703
EID_23727,0.12216311693191528
EID_24107,0.16744667291641235
EID_22537,0.2604246735572815
EID_13645,0.1852022111415863
EID_16021,0.2667902708053589
EID_19800,0.1586502194404602
EID_1944,0.15943008661270142
EID_15868,0.19955042004585266
EID_22188,0.2189640998840332
EID_13833,0.16676318645477295
EID_15028,0.28327056765556335
EID_24861,0.16830533742904663
EID_13033,0.16390565037727356
EID_23673,0.11631813645362854
EID_13265,0.1790272295475006
EID_23411,0.26531052589416504
EID_3761,0.2239057421684265
EID_7299,0.1950991451740265
EID_2379,0.1314356029033661
EID_18863,0.15039488673210144
EID_12115,0.15499311685562134
EID_23879,0.24510008096694946
EID_16586,0.18501195311546326
EID_19003,0.1680414080619812
EID_11107,0.16296076774597168
EID_15416,0.21887660026550293
EID_19214,0.24729293584823608
EID_5135,0.2206345796585083
EID_22464,0.30275046825408936
EID_22759,0.1902289092540741
EID_17833,0.2021857500076294
EID_17627,0.2728288769721985
EID_25730,0.17579743266105652
EID_2377,0.1707141399383545
EID_18085,0.20677143335342407
EID_14096,0.21166837215423584
EID_8384,0.297947496175766
EID_17105,0.30686721205711365
EID_9929,0.3104114532470703
EID_13267,0.22218751907348633
EID_12954,0.1879170536994934
EID_4464,0.23533910512924194
EID_11464,0.2019163966178894
EID_19308,0.14518311619758606
EID_17530,0.17781224846839905
EID_6981,0.14516642689704895
EID_19951,0.20335516333580017
EID_1100,0.1749710738658905
EID_25145,0.21629983186721802
EID_15614,0.20020848512649536
EID_2961,0.18200895190238953
EID_1742,0.1784312129020691
EID_2843,0.2690165936946869
EID_9549,0.23775652050971985
EID_12832,0.21729016304016113
EID_17914,0.2247764766216278
EID_22832,0.15716665983200073
EID_5755,0.19988569617271423
EID_1141,0.1698082685470581
EID_18954,0.1917581856250763
EID_10824,0.20443964004516602
EID_24478,0.19363418221473694
EID_14916,0.15447792410850525
EID_4434,0.22666335105895996
EID_23650,0.22763052582740784
EID_16556,0.15973934531211853
EID_24656,0.2594379782676697
EID_25965,0.19560039043426514
EID_9279,0.157228022813797
EID_13802,0.16641667485237122
EID_2748,0.1591046154499054
EID_17346,0.17250102758407593
EID_1171,0.21649649739265442
EID_1552,0.17082253098487854
EID_20674,0.17842063307762146
EID_2475,0.29802197217941284
EID_16714,0.20088881254196167
EID_7857,0.17936718463897705
EID_3294,0.14762359857559204
EID_2280,0.1468188464641571
EID_10203,0.2453920543193817
EID_22162,0.2066805064678192
EID_10438,0.14191675186157227
EID_12898,0.19421976804733276
EID_4358,0.1692771017551422
EID_6179,0.22290673851966858
EID_2538,0.1596665382385254
EID_13110,0.14295151829719543
EID_24585,0.26738786697387695
EID_1006,0.22131872177124023
EID_11632,0.13883957266807556
EID_21011,0.18389901518821716
EID_16869,0.19005748629570007
EID_20564,0.23047181963920593
EID_12996,0.2266014814376831
EID_1503,0.1901000440120697
EID_23053,0.1503702700138092
EID_22049,0.19644540548324585
EID_4346,0.2089793086051941
EID_1887,0.20428839325904846
EID_16849,0.1458013355731964
EID_10071,0.22964146733283997
EID_11265,0.2301940619945526
EID_12611,0.19039982557296753
EID_25542,0.1792832612991333
EID_11582,0.19081512093544006
EID_19550,0.19923296570777893
EID_5351,0.17915979027748108
EID_3305,0.20421966910362244
EID_18846,0.2218124270439148
EID_24764,0.25552135705947876
EID_2191,0.18598821759223938
EID_6314,0.19221928715705872
EID_23248,0.14640817046165466
EID_4570,0.19805368781089783
EID_16415,0.15830156207084656
EID_11002,0.2512914538383484
EID_20498,0.20508891344070435
EID_7846,0.2049952745437622
EID_24121,0.1809384822845459
EID_7536,0.20952972769737244
EID_2015,0.2202397882938385
EID_7934,0.2908853590488434
EID_20903,0.14657709002494812
EID_17535,0.22513902187347412
EID_19760,0.18072408437728882
EID_9550,0.24181723594665527
EID_4261,0.14978986978530884
EID_19753,0.2009371817111969
EID_13542,0.1704307496547699
EID_24283,0.18045151233673096
EID_7552,0.18046161532402039
EID_11577,0.1633591651916504
EID_3228,0.21473458409309387
EID_17468,0.16809523105621338
EID_15815,0.13229429721832275
EID_2093,0.14298570156097412
EID_21356,0.28091710805892944
EID_12357,0.1811637580394745
EID_18495,0.19131684303283691
EID_5098,0.23074543476104736
EID_12691,0.18686184287071228
EID_13240,0.2962385416030884
EID_19312,0.14895090460777283
EID_23914,0.17813929915428162
EID_23175,0.1857169270515442
EID_15413,0.20919054746627808
EID_4785,0.1475592851638794
EID_25933,0.17505863308906555
EID_22705,0.11176484823226929
EID_19350,0.15487149357795715
EID_5369,0.23481419682502747
EID_20410,0.1643959879875183
EID_12557,0.1398073136806488
EID_17678,0.23819893598556519
EID_1342,0.1848885715007782
EID_12230,0.35006338357925415
EID_1311,0.1769668161869049
EID_5860,0.21253466606140137
EID_4259,0.2382274866104126
EID_10209,0.22013422846794128
EID_2300,0.20894739031791687
EID_17408,0.23462414741516113
EID_1883,0.15566477179527283
EID_1053,0.27213162183761597
EID_23610,0.13513219356536865
EID_17585,0.2672445476055145
EID_20845,0.1444067358970642
EID_15683,0.19887426495552063
EID_11976,0.1778494417667389
EID_12031,0.2968074083328247
EID_1711,0.21264886856079102
EID_6239,0.20775800943374634
EID_25541,0.30367255210876465
EID_9308,0.12275561690330505
EID_18168,0.19272702932357788
EID_11934,0.13118994235992432
EID_23472,0.22858652472496033
EID_13731,0.1585802435874939
EID_16069,0.14138415455818176
EID_18276,0.21131631731987
EID_6141,0.180611252784729
EID_12061,0.18837183713912964
EID_9450,0.21458148956298828
EID_21730,0.1586294174194336
EID_19506,0.18774837255477905
EID_13552,0.18652531504631042
EID_9945,0.13144218921661377
EID_1924,0.22717326879501343
EID_18453,0.11185923218727112
EID_20225,0.19042545557022095
EID_18673,0.128721684217453
EID_11420,0.176663339138031
EID_16631,0.19343599677085876
EID_21237,0.4124990701675415
EID_5015,0.15834912657737732
EID_20179,0.20274755358695984
EID_12073,0.21944040060043335
EID_21147,0.1693076193332672
EID_6714,0.22496065497398376
EID_10645,0.1706891655921936
EID_18298,0.216746985912323
EID_2640,0.1716357171535492
EID_2318,0.30262160301208496
EID_25226,0.2457830011844635
EID_24099,0.15323057770729065
EID_20938,0.2195451259613037
EID_8377,0.21802344918251038
EID_7023,0.25141072273254395
EID_11385,0.2304432988166809
EID_15016,0.13984337449073792
EID_25794,0.15449482202529907
EID_11494,0.1966974437236786
EID_2425,0.1992318332195282
EID_9847,0.1803511083126068
EID_3570,0.17147231101989746
EID_13573,0.24776634573936462
EID_13780,0.12178981304168701
EID_2949,0.2308073341846466
EID_19834,0.25392383337020874
EID_11384,0.23178687691688538
EID_23154,0.1669999063014984
EID_9337,0.2634882926940918
EID_3653,0.1765965223312378
EID_4850,0.15434548258781433
EID_16283,0.15706229209899902
EID_5107,0.17248469591140747
EID_25156,0.1769160032272339
EID_17223,0.19157814979553223
EID_14695,0.1371803879737854
EID_11374,0.1633680760860443
EID_13672,0.18152832984924316
EID_6782,0.2678244113922119
EID_25074,0.2795508801937103
EID_21087,0.19862323999404907
EID_13017,0.2031102478504181
EID_9947,0.20510780811309814
EID_21221,0.2405126988887787
EID_21639,0.21979185938835144
EID_20333,0.2008444368839264
EID_2970,0.22332975268363953
EID_7624,0.16455182433128357
EID_15741,0.2389441430568695
EID_1312,0.18771347403526306
EID_19575,0.1494593620300293
EID_21047,0.28534257411956787
EID_11969,0.15635597705841064
EID_19145,0.22197771072387695
EID_9871,0.17002132534980774
EID_18852,0.27629703283309937
EID_22326,0.19956818222999573
EID_7259,0.2373991310596466
EID_21920,0.23963090777397156
EID_1436,0.18256494402885437
EID_8261,0.15198150277137756
EID_23228,0.19253677129745483
EID_5560,0.248345285654068
EID_22357,0.2527883052825928
EID_4816,0.2073303759098053
EID_10000,0.18049785494804382
EID_21908,0.1984729766845703
EID_14887,0.18287056684494019
EID_12497,0.24344217777252197
EID_17976,0.16973644495010376
EID_17356,0.35192203521728516
EID_9785,0.16866156458854675
EID_16224,0.2525198459625244
EID_6020,0.19771236181259155
EID_20716,0.28807997703552246
EID_11351,0.3067358136177063
EID_20899,0.19292902946472168
EID_9718,0.18234285712242126
EID_9479,0.2624915838241577
EID_25048,0.2808385193347931
EID_23370,0.16564679145812988
EID_13877,0.13655611872673035
EID_12256,0.2607730031013489
EID_1903,0.18076777458190918
EID_8830,0.1864575445652008
EID_22060,0.16051873564720154
EID_11996,0.18993735313415527
EID_21061,0.1884385347366333
EID_22604,0.1673753261566162
EID_18463,0.1470739245414734
EID_11375,0.2394075095653534
EID_2685,0.17461085319519043
EID_16010,0.1930602490901947
EID_19288,0.15434089303016663
EID_9283,0.3175639510154724
EID_11122,0.15920564532279968
EID_6638,0.17615506052970886
EID_25516,0.24790501594543457
EID_3864,0.24199119210243225
EID_9746,0.22161120176315308
EID_8407,0.2597087025642395
EID_25463,0.3120463192462921
EID_23098,0.16497567296028137
EID_22512,0.1920476257801056
EID_14671,0.18057692050933838
EID_18482,0.15612876415252686
EID_8151,0.19488558173179626
EID_16624,0.1549086570739746
EID_1983,0.2301754355430603
EID_18445,0.11960753798484802
EID_11891,0.13249486684799194
EID_2010,0.15831294655799866
EID_4592,0.20482206344604492
EID_17412,0.18591374158859253
EID_24883,0.2280382513999939
EID_15661,0.20663204789161682
EID_11757,0.19501632452011108
EID_2627,0.25309479236602783
EID_13243,0.21382087469100952
EID_10917,0.12775877118110657
EID_4360,0.16347798705101013
EID_13536,0.20451322197914124
EID_10695,0.20932286977767944
EID_5746,0.17849722504615784
EID_1178,0.2689661681652069
EID_15290,0.21250972151756287
EID_3540,0.26251786947250366
EID_14684,0.2023385465145111
EID_7914,0.16753771901130676
EID_23733,0.2695939540863037
EID_5907,0.21077609062194824
EID_5142,0.2794601321220398
EID_7686,0.12392130494117737
EID_12078,0.24270349740982056
EID_4880,0.22119805216789246
EID_1527,0.1743830442428589
EID_15919,0.17193007469177246
EID_1260,0.25614482164382935
EID_22377,0.13113564252853394
EID_7876,0.18997320532798767
EID_1213,0.1271539330482483
EID_4161,0.17114660143852234
EID_3214,0.21238231658935547
EID_17651,0.2232857048511505
EID_8005,0.16736158728599548
EID_12852,0.15209001302719116
EID_21465,0.22965466976165771
EID_7371,0.08778971433639526
EID_25687,0.16108810901641846
EID_17222,0.17636707425117493
EID_1994,0.20942911505699158
EID_22384,0.26242583990097046
EID_6344,0.17171210050582886
EID_18801,0.26998308300971985
EID_13688,0.21771860122680664
EID_13779,0.18394434452056885
EID_24969,0.24621182680130005
EID_15311,0.2704165577888489
EID_9095,0.19345241785049438
EID_11675,0.22268381714820862
EID_14870,0.3231785297393799
EID_1575,0.2557287812232971
EID_7440,0.18529397249221802
EID_24259,0.21102645993232727
EID_19501,0.19506683945655823
EID_23743,0.12754908204078674
EID_13287,0.1614391803741455
EID_2226,0.1330249309539795
EID_22439,0.19403159618377686
EID_16078,0.2798137366771698
EID_18895,0.16414499282836914
EID_19860,0.18365728855133057
EID_24564,0.13717645406723022
EID_21747,0.32683712244033813
EID_4659,0.16042068600654602
EID_24149,0.21525359153747559
EID_13300,0.11740916967391968
EID_16950,0.19608333706855774
EID_23778,0.19137510657310486
EID_14691,0.21306893229484558
EID_10789,0.1901070773601532
EID_5525,0.21507132053375244
EID_19424,0.1371728479862213
EID_6171,0.20407843589782715
EID_19569,0.17060428857803345
EID_4602,0.22392845153808594
EID_17919,0.18904751539230347
EID_4286,0.22412347793579102
EID_1973,0.2711251378059387
EID_25715,0.26419156789779663
EID_23385,0.23874321579933167
EID_13681,0.16109609603881836
EID_25410,0.2285170555114746
EID_18267,0.1683727204799652
EID_15252,0.2558191418647766
EID_23214,0.21545839309692383
EID_18551,0.16232672333717346
EID_2401,0.18693727254867554
EID_7609,0.21036550402641296
EID_21291,0.2237074077129364
EID_10126,0.1813352406024933
EID_19714,0.19050467014312744
EID_4911,0.16356512904167175
EID_12505,0.14155635237693787
EID_10377,0.20771697163581848
EID_3407,0.20502790808677673
EID_3386,0.1502770483493805
EID_7623,0.21226990222930908
EID_19517,0.17752313613891602
EID_21782,0.27569204568862915
EID_12361,0.31115826964378357
EID_21171,0.22269099950790405
EID_17836,0.23618686199188232
EID_20286,0.28335797786712646
EID_25798,0.15094000101089478
EID_15699,0.2289913296699524
EID_17006,0.14627718925476074
EID_22476,0.18029436469078064
EID_9406,0.18657374382019043
EID_13559,0.26069724559783936
EID_1340,0.17794111371040344
EID_17848,0.3326050043106079
EID_20358,0.24319803714752197
EID_14265,0.15019959211349487
EID_9820,0.23659273982048035
EID_13755,0.2367132604122162
EID_13293,0.2240389585494995
EID_25837,0.18750378489494324
EID_20466,0.22528862953186035
EID_11032,0.20366588234901428
EID_2399,0.1691117286682129
EID_23917,0.20019394159317017
EID_17011,0.20543527603149414
EID_8967,0.2287617027759552
EID_24468,0.24769693613052368
EID_8435,0.1842312514781952
EID_17953,0.18118727207183838
EID_7140,0.239253431558609
EID_24404,0.2109348177909851
EID_14380,0.25668656826019287
EID_1232,0.16133975982666016
EID_1573,0.2294348180294037
EID_3684,0.16069254279136658
EID_15824,0.15966355800628662
EID_9212,0.14398053288459778
EID_21121,0.19904857873916626
EID_6346,0.16476619243621826
EID_9525,0.2335960865020752
EID_9726,0.17950984835624695
EID_2526,0.23656430840492249
EID_4228,0.1939699947834015
EID_14595,0.3355194926261902
EID_15856,0.19499066472053528
EID_6768,0.2515949606895447
EID_23953,0.21629846096038818
EID_19059,0.25023138523101807
EID_5268,0.30871671438217163
EID_7619,0.12379056215286255
EID_23028,0.1906348466873169
EID_22104,0.2670191526412964
EID_10318,0.1603008210659027
EID_25369,0.1945488452911377
EID_16633,0.1785617172718048
EID_15848,0.23723044991493225
EID_2240,0.22914990782737732
EID_1059,0.12450531125068665
EID_9315,0.22108983993530273
EID_15388,0.2540608048439026
EID_9984,0.18821406364440918
EID_4296,0.1880873441696167
EID_10927,0.1728065311908722
EID_25054,0.2234627902507782
EID_1884,0.13678163290023804
EID_21960,0.1800655722618103
EID_5572,0.20805403590202332
EID_16872,0.27583324909210205
EID_24525,0.2945551574230194
EID_14237,0.17259326577186584
EID_7114,0.23667943477630615
EID_7448,0.15828922390937805
EID_17668,0.12516340613365173
EID_7674,0.1488330066204071
EID_5884,0.1445271074771881
EID_13942,0.1748984456062317
EID_13098,0.17327076196670532
EID_7695,0.19627729058265686
EID_5350,0.23684793710708618
EID_22853,0.1701665222644806
EID_2385,0.19022363424301147
EID_18006,0.20656335353851318
EID_12875,0.25114622712135315
EID_5478,0.16977635025978088
EID_18690,0.2162083089351654
EID_12545,0.19083979725837708
EID_13888,0.17341125011444092
EID_9732,0.15281376242637634
EID_18001,0.27882397174835205
EID_17479,0.26126039028167725
EID_23757,0.16097116470336914
EID_1303,0.22254151105880737
EID_5375,0.18442949652671814
EID_5869,0.24406978487968445
EID_8825,0.16394305229187012
EID_22567,0.1670587658882141
EID_16273,0.21105286478996277
EID_20618,0.1768198013305664
EID_3608,0.175519198179245
EID_8806,0.16692441701889038
EID_23170,0.20090916752815247
EID_12243,0.1293565332889557
EID_20089,0.176809161901474
EID_16852,0.19320183992385864
EID_18312,0.19334840774536133
EID_14010,0.1751217544078827
EID_14705,0.21134734153747559
EID_20956,0.18957576155662537
EID_18794,0.24521592259407043
EID_1629,0.21281030774116516
EID_25483,0.22129210829734802
EID_4542,0.14726725220680237
EID_10076,0.15966683626174927
EID_9469,0.25153452157974243
EID_25284,0.16642269492149353
EID_11972,0.2250683307647705
EID_1798,0.2261655330657959
EID_21903,0.30120038986206055
EID_20031,0.11334317922592163
EID_20365,0.2418910264968872
EID_9210,0.21209868788719177
EID_19750,0.1816318929195404
EID_4006,0.22355511784553528
EID_24922,0.19125494360923767
EID_4760,0.10898971557617188
EID_11035,0.17117440700531006
EID_21008,0.28827357292175293
EID_23731,0.22214281558990479
EID_21788,0.1615079939365387
EID_5428,0.17191869020462036
EID_14023,0.14826902747154236
EID_2937,0.44409266114234924
EID_16931,0.18162035942077637
EID_18299,0.21579250693321228
EID_6660,0.19729363918304443
EID_23187,0.283586710691452
EID_14868,0.1566375494003296
EID_23247,0.14857766032218933
EID_15971,0.2080758810043335
EID_7852,0.21874231100082397
EID_7017,0.2874911427497864
EID_7494,0.2125638723373413
EID_18706,0.19424250721931458
EID_22784,0.16756704449653625
EID_10756,0.23866111040115356
EID_6854,0.16835269331932068
EID_12554,0.2524601221084595
EID_1162,0.20036044716835022
EID_19581,0.12768569588661194
EID_2169,0.18262845277786255
EID_25149,0.2583150267601013
EID_22575,0.2199869155883789
EID_2265,0.2228202521800995
EID_19668,0.1440630555152893
EID_19245,0.16605177521705627
EID_8194,0.15492641925811768
EID_8081,0.1978377401828766
EID_8670,0.2114512026309967
EID_7992,0.18224841356277466
EID_6596,0.2331165075302124
EID_3699,0.2610335946083069
EID_9698,0.17518898844718933
EID_1847,0.24491119384765625
EID_16179,0.3027006983757019
EID_23663,0.23974475264549255
EID_24287,0.23340708017349243
EID_3527,0.1210479736328125
EID_18652,0.2333144247531891
EID_24110,0.16356709599494934
EID_21419,0.2252807319164276
EID_12865,0.1450430154800415
EID_9237,0.17229652404785156
EID_20408,0.14519712328910828
EID_22934,0.2720097303390503
EID_6492,0.13692176342010498
EID_20285,0.2121766209602356
EID_1286,0.2360020875930786
EID_12542,0.15567952394485474
EID_5523,0.25100547075271606
EID_1979,0.19636571407318115
EID_23146,0.22869250178337097
EID_4773,0.14494159817695618
EID_8785,0.25830018520355225
EID_4463,0.4046355187892914
EID_24028,0.16922876238822937
EID_20920,0.16327285766601562
EID_21392,0.18669068813323975
EID_4079,0.1328834593296051
EID_5173,0.20765680074691772
EID_22915,0.17459818720817566
EID_18347,0.20431989431381226
EID_7984,0.15190717577934265
EID_25148,0.21380311250686646
EID_4350,0.24373453855514526
EID_6909,0.237558513879776
EID_10582,0.18967664241790771
EID_6248,0.18613168597221375
EID_10035,0.2398616075515747
EID_24603,0.3170742392539978
EID_1794,0.2470972239971161
EID_9407,0.21354219317436218
EID_2114,0.22908031940460205
EID_21125,0.26452356576919556
EID_15046,0.19986027479171753
EID_8058,0.24848991632461548
EID_1961,0.18001392483711243
EID_23324,0.20051586627960205
EID_21521,0.23552411794662476
EID_11043,0.2526199221611023
EID_6461,0.19242331385612488
EID_10398,0.23369362950325012
EID_20635,0.20077478885650635
EID_22940,0.2520683705806732
EID_8582,0.19155967235565186
EID_12770,0.21012964844703674
EID_15982,0.2517717480659485
EID_19692,0.25680145621299744
EID_18304,0.23337224125862122
EID_13603,0.22315093874931335
EID_6145,0.24407324194908142
EID_16587,0.19818994402885437
EID_16835,0.268257200717926
EID_8399,0.3166508078575134
EID_7012,0.23779773712158203
EID_20575,0.17325377464294434
EID_20747,0.22727137804031372
EID_3907,0.24062874913215637
EID_22626,0.37791958451271057
EID_4442,0.1764070987701416
EID_18034,0.14862093329429626
EID_16055,0.1808778941631317
EID_21684,0.21927905082702637
EID_17499,0.15999510884284973
EID_1222,0.1561267077922821
EID_17204,0.15652719140052795
EID_22732,0.25360196828842163
EID_8539,0.1764550805091858
EID_23136,0.22890013456344604
EID_24470,0.34249305725097656
EID_17404,0.29999762773513794
EID_21498,0.13198113441467285
EID_19495,0.16314750909805298
EID_23966,0.22940707206726074
EID_1388,0.12255218625068665
EID_7374,0.23761531710624695
EID_25441,0.2706088721752167
EID_16616,0.3298583924770355
EID_7654,0.294675350189209
EID_4217,0.15704190731048584
EID_9968,0.21939325332641602
EID_17830,0.0835694670677185
EID_12023,0.1759473979473114
EID_24002,0.16206175088882446
EID_11371,0.15863364934921265
EID_11096,0.2311226725578308
EID_24835,0.19661551713943481
EID_17439,0.16588091850280762
EID_6587,0.14894601702690125
EID_21946,0.23504701256752014
EID_5431,0.18223896622657776
EID_4723,0.2172701358795166
EID_11535,0.29796814918518066
EID_2330,0.16112187504768372
EID_23531,0.20207065343856812
EID_8913,0.2287570834159851
EID_21273,0.19768166542053223
EID_11927,0.1817273199558258
EID_1385,0.21121621131896973
EID_15758,0.19136366248130798
EID_1023,0.1326189935207367
EID_8959,0.29483383893966675
EID_12911,0.23063457012176514
EID_15925,0.20199286937713623
EID_17769,0.2068081796169281
EID_19842,0.19479244947433472
EID_15875,0.20776823163032532
EID_21284,0.20363199710845947
EID_24825,0.14824801683425903
EID_23825,0.23264291882514954
EID_13001,0.18977800011634827
EID_25601,0.13893508911132812
EID_24670,0.12237289547920227
EID_24412,0.19505912065505981
EID_18712,0.20344039797782898
EID_21138,0.199941486120224
EID_19335,0.1833844780921936
EID_16753,0.2598734498023987
EID_24399,0.21627536416053772
EID_12567,0.23288023471832275
EID_22161,0.1322471797466278
EID_12609,0.18307852745056152
EID_22249,0.24043628573417664
EID_5314,0.1731267273426056
EID_1897,0.19579094648361206
EID_22507,0.25851812958717346
EID_2878,0.19100016355514526
EID_10098,0.23781633377075195
EID_18435,0.2564621567726135
EID_8063,0.2164960503578186
EID_3512,0.11794868111610413
EID_24444,0.19459164142608643
EID_9813,0.26429781317710876
EID_25132,0.14243221282958984
EID_5613,0.2069653570652008
EID_14062,0.18344223499298096
EID_20073,0.1694641411304474
EID_12506,0.19756865501403809
EID_1092,0.22215893864631653
EID_15895,0.1814275085926056
EID_1039,0.14752382040023804
EID_22016,0.21100765466690063
EID_6764,0.18015173077583313
EID_17384,0.19571241736412048
EID_8705,0.274013876914978
EID_14832,0.23589861392974854
EID_16473,0.29806357622146606
EID_11186,0.22303050756454468
EID_7476,0.16332635283470154
EID_19671,0.16543343663215637
EID_14001,0.19095468521118164
EID_10658,0.21114066243171692
EID_6668,0.1550980806350708
EID_13786,0.24506402015686035
EID_11224,0.19834193587303162
EID_13296,0.2089100182056427
EID_22145,0.26242369413375854
EID_6494,0.15737733244895935
EID_1649,0.14843988418579102
EID_20878,0.3620060682296753
EID_3790,0.17836102843284607
EID_9257,0.31493544578552246
EID_14917,0.2591705620288849
EID_22052,0.2083379030227661
EID_1198,0.18585515022277832
EID_8478,0.17791184782981873
EID_2071,0.2277877926826477
EID_1250,0.18383753299713135
EID_9000,0.17660611867904663
EID_17319,0.17357027530670166
EID_21794,0.1897474229335785
EID_23350,0.1759195327758789
EID_16278,0.18129566311836243
EID_3330,0.1909448802471161
EID_12584,0.16623187065124512
EID_9354,0.1576002836227417
EID_15007,0.14211732149124146
EID_11656,0.19025656580924988
EID_22526,0.1575004756450653
EID_11027,0.21579059958457947
EID_21588,0.18838176131248474
EID_13717,0.3106130361557007
EID_8073,0.2183285355567932
EID_15972,0.24235200881958008
EID_5730,0.2205350697040558
EID_23968,0.2384657859802246
EID_4299,0.27420979738235474
EID_6302,0.22806856036186218
EID_6974,0.2242092490196228
EID_4829,0.21443575620651245
EID_21139,0.2735639810562134
EID_23456,0.23862048983573914
EID_20110,0.16559508442878723
EID_20342,0.18142083287239075
EID_15238,0.14590850472450256
EID_10349,0.19370350241661072
EID_10077,0.2054731547832489
EID_22330,0.16303199529647827
EID_4368,0.2374844253063202
EID_8859,0.11914685368537903
EID_24277,0.24185582995414734
EID_1061,0.14337211847305298
EID_5597,0.12572595477104187
EID_4820,0.19549736380577087
EID_5863,0.28328973054885864
EID_23680,0.27271872758865356
EID_5542,0.150557279586792
EID_6203,0.206894189119339
EID_5355,0.18779930472373962
EID_19669,0.17989176511764526
EID_21725,0.1856381893157959
EID_2138,0.1234617531299591
EID_24278,0.19123762845993042
EID_6591,0.21507084369659424
EID_21056,0.24063640832901
EID_18759,0.24283170700073242
EID_12059,0.17955085635185242
EID_11077,0.19878122210502625
EID_17216,0.2863117456436157
EID_15655,0.15404799580574036
EID_19017,0.1670469045639038
EID_17846,0.19228973984718323
EID_6418,0.20664015412330627
EID_25942,0.15996631979942322
EID_5420,0.20164760947227478
EID_11764,0.3176078796386719
EID_16483,0.16817927360534668
EID_1901,0.2136673629283905
EID_21480,0.28215500712394714
EID_8006,0.16440868377685547
EID_1282,0.31765931844711304
EID_6895,0.18430694937705994
EID_13677,0.21266305446624756
EID_6071,0.23104819655418396
EID_14425,0.11621496081352234
EID_22685,0.13384714722633362
EID_20203,0.1444014012813568
EID_19161,0.2534157931804657
EID_1947,0.18333259224891663
EID_16574,0.24084621667861938
EID_2561,0.2224537432193756
EID_20668,0.1544766128063202
EID_7831,0.2491840124130249
EID_8769,0.20386946201324463
EID_25191,0.2388783097267151
EID_15590,0.2302483320236206
EID_12458,0.16907605528831482
EID_11406,0.17055800557136536
EID_17629,0.16760799288749695
EID_4632,0.16420549154281616
EID_18455,0.15432801842689514
EID_23077,0.2511025667190552
EID_25024,0.16300612688064575
EID_6269,0.18040159344673157
EID_12100,0.24105560779571533
EID_23190,0.21243733167648315
EID_9030,0.19641780853271484
EID_12359,0.1796405017375946
EID_12041,0.1479802429676056
EID_2019,0.1844245195388794
EID_22974,0.17287832498550415
EID_10351,0.18986690044403076
EID_23630,0.25325801968574524
EID_7309,0.18066799640655518
EID_19821,0.17273035645484924
EID_4033,0.18134847283363342
EID_3435,0.1322895586490631
EID_5759,0.14709976315498352
EID_12826,0.33808431029319763
EID_8148,0.2424415647983551
EID_16088,0.16435903310775757
EID_15783,0.22092339396476746
EID_19521,0.36515170335769653
EID_13016,0.17398026585578918
EID_13708,0.16282713413238525
EID_4237,0.2352169156074524
EID_3620,0.14501819014549255
EID_10042,0.23242893815040588
EID_8833,0.18004757165908813
EID_21028,0.1336759328842163
EID_3485,0.16150593757629395
EID_23372,0.17748352885246277
EID_19410,0.20460140705108643
EID_6598,0.23832181096076965
EID_25371,0.21063518524169922
EID_19483,0.1457156240940094
EID_22826,0.24050822854042053
EID_23606,0.21412724256515503
EID_9346,0.19519773125648499
EID_1608,0.23817533254623413
EID_1603,0.16225039958953857
EID_23041,0.16835153102874756
EID_7801,0.16268008947372437
EID_22456,0.2504664957523346
EID_24428,0.2234683334827423
EID_10811,0.3022846579551697
EID_24566,0.19461974501609802
EID_2531,0.12270617485046387
EID_10878,0.209684818983078
EID_19548,0.20223310589790344
EID_11988,0.22196105122566223
EID_11378,0.15480318665504456
EID_9896,0.2747911810874939
EID_17323,0.23590320348739624
EID_24976,0.24645426869392395
EID_11249,0.1940504014492035
EID_20395,0.15910744667053223
EID_18262,0.21836614608764648
EID_14670,0.17864882946014404
EID_12880,0.1313917338848114
EID_1406,0.18750569224357605
EID_23014,0.20856070518493652
EID_5224,0.22491344809532166
EID_3232,0.2066468596458435
EID_22327,0.21244484186172485
EID_2285,0.26007893681526184
EID_20468,0.23821204900741577
EID_4443,0.18675905466079712
EID_15641,0.21868592500686646
EID_8106,0.21706801652908325
EID_13958,0.22360345721244812
EID_10214,0.24901649355888367
EID_17739,0.209768146276474
EID_13347,0.2489076554775238
EID_23453,0.20610949397087097
EID_1477,0.2023017704486847
EID_20224,0.12941932678222656
EID_2362,0.22915425896644592
EID_21421,0.24668926000595093
EID_7860,0.16738352179527283
EID_10286,0.19974088668823242
EID_7184,0.2653129994869232
EID_21742,0.3508588671684265
EID_21610,0.1896931231021881
EID_19375,0.23571890592575073
EID_18564,0.2596893310546875
EID_19108,0.20590204000473022
EID_17928,0.20634689927101135
EID_25613,0.169168621301651
EID_23787,0.17454490065574646
EID_2392,0.21012592315673828
EID_7574,0.20675688982009888
EID_9810,0.21121317148208618
EID_14332,0.2345167100429535
EID_20937,0.18051055073738098
EID_7827,0.1971319615840912
EID_7457,0.19466525316238403
EID_11152,0.22506335377693176
EID_12917,0.26768654584884644
EID_18590,0.20794305205345154
EID_15327,0.1894633173942566
EID_11687,0.19845452904701233
EID_5179,0.206009179353714
EID_5623,0.3394505977630615
EID_25331,0.26268234848976135
EID_24386,0.1527007818222046
EID_6507,0.19464850425720215
EID_7842,0.21413180232048035
EID_12018,0.12030786275863647
EID_6640,0.2956409454345703
EID_9872,0.17900720238685608
EID_2331,0.17168232798576355
EID_19685,0.21638724207878113
EID_25701,0.19285103678703308
EID_25681,0.23313948512077332
EID_20151,0.27059948444366455
EID_8980,0.20765095949172974
EID_12719,0.2202470898628235
EID_20075,0.18689459562301636
EID_14984,0.21542096138000488
EID_8177,0.19623738527297974
EID_1360,0.1712738573551178
EID_24812,0.21995696425437927
EID_8480,0.2531793713569641
EID_14567,0.08690270781517029
EID_16194,0.21287551522254944
EID_10020,0.2166139781475067
EID_7321,0.1732797920703888
EID_15387,0.22769680619239807
EID_19419,0.1585923433303833
EID_20496,0.15877142548561096
EID_1308,0.17943856120109558
EID_14770,0.16909575462341309
EID_21893,0.27784740924835205
EID_10990,0.23163726925849915
EID_17521,0.23319131135940552
EID_15274,0.2359747588634491
EID_24001,0.20098617672920227
EID_4111,0.18241584300994873
EID_4284,0.10930383205413818
EID_19682,0.20122382044792175
EID_14871,0.2402024269104004
EID_18152,0.20944470167160034
EID_12520,0.1739490032196045
EID_4739,0.19962510466575623
EID_8424,0.19134947657585144
EID_23600,0.2141881287097931
EID_25891,0.22267404198646545
EID_11618,0.24127605557441711
EID_12674,0.20358741283416748
EID_5999,0.3854706585407257
EID_18063,0.21322274208068848
EID_14859,0.1734325885772705
EID_20353,0.14780250191688538
EID_22962,0.23770883679389954
EID_19650,0.25901007652282715
EID_6108,0.18870869278907776
EID_19012,0.19710829854011536
EID_22925,0.17548799514770508
EID_15619,0.219370037317276
EID_19998,0.18990689516067505
EID_20052,0.1865503191947937
EID_25044,0.1874927580356598
EID_5422,0.23944714665412903
EID_15354,0.22522786259651184
EID_3804,0.20180469751358032
EID_23277,0.20231270790100098
EID_12336,0.15236130356788635
EID_24839,0.14679822325706482
EID_1651,0.2373291552066803
EID_24355,0.14435416460037231
EID_24276,0.2067258656024933
EID_10346,0.14057794213294983
EID_9579,0.2037947177886963
EID_23242,0.185102641582489
EID_23541,0.2398928999900818
EID_14741,0.1305687427520752
EID_7783,0.16952422261238098
EID_12569,0.20864731073379517
EID_3834,0.14017313718795776
EID_6799,0.23641377687454224
EID_15609,0.153385192155838
EID_5496,0.14481762051582336
EID_5080,0.21133953332901
EID_14834,0.22526982426643372
EID_18266,0.18746700882911682
EID_1182,0.15783968567848206
EID_6445,0.1515067219734192
EID_18656,0.30168813467025757
EID_24011,0.2362314760684967
EID_25093,0.2070523500442505
EID_11334,0.22179657220840454
EID_15785,0.15839746594429016
EID_8060,0.21877050399780273
EID_4349,0.10845094919204712
EID_22525,0.1776573359966278
EID_1231,0.17887833714485168
EID_2127,0.20055195689201355
EID_4047,0.1563470959663391
EID_12989,0.20836785435676575
EID_17726,0.15390917658805847
EID_1602,0.10899046063423157
EID_5945,0.14376085996627808
EID_15166,0.21819359064102173
EID_25317,0.2726595401763916
EID_18848,0.13858669996261597
EID_14455,0.19371959567070007
EID_9724,0.220883309841156
EID_22697,0.16540482640266418
EID_16505,0.1501460075378418
EID_11616,0.16508403420448303
EID_10352,0.14005473256111145
EID_24093,0.3067796230316162
EID_11826,0.14866608381271362
EID_24211,0.18325212597846985
EID_14709,0.19427841901779175
EID_18747,0.27224457263946533
EID_16077,0.4111576974391937
EID_15440,0.1681813895702362
EID_4935,0.19355610013008118
EID_13791,0.18575933575630188
EID_16876,0.22159111499786377
EID_1335,0.26439982652664185
EID_19086,0.2299097776412964
EID_12872,0.22100317478179932
EID_11623,0.17436662316322327
EID_7807,0.21150335669517517
EID_9605,0.16292047500610352
EID_12736,0.17753994464874268
EID_20565,0.17382216453552246
EID_17225,0.16673830151557922
EID_19974,0.22929903864860535
EID_16045,0.11751163005828857
EID_2082,0.25857311487197876
EID_22219,0.19102472066879272
EID_19439,0.12331879138946533
EID_2979,0.1700614094734192
EID_24414,0.17611998319625854
EID_15148,0.1504186987876892
EID_10690,0.20879173278808594
EID_16346,0.20290213823318481
EID_22752,0.2291005253791809
EID_21746,0.21205106377601624
EID_1705,0.20147588849067688
EID_7498,0.20948266983032227
EID_6874,0.19044342637062073
EID_4543,0.17734664678573608
EID_8931,0.13292130827903748
EID_16435,0.30526649951934814
EID_16767,0.16561761498451233
EID_3058,0.16435429453849792
EID_16381,0.19310712814331055
EID_17190,0.24649491906166077
EID_7079,0.1616951823234558
EID_10191,0.21333324909210205
EID_1378,0.1590481996536255
EID_20222,0.24427255988121033
EID_6156,0.18579146265983582
EID_5975,0.2220655381679535
EID_18682,0.27285921573638916
EID_8837,0.15137183666229248
EID_24686,0.19117707014083862
EID_9869,0.275291383266449
EID_14673,0.305675745010376
EID_14443,0.15303805470466614
EID_21591,0.19649243354797363
EID_25240,0.11944541335105896
EID_18365,0.29914820194244385
EID_9260,0.25061821937561035
EID_10696,0.22979116439819336
EID_18012,0.20681864023208618
EID_17421,0.24768200516700745
EID_23615,0.19525441527366638
EID_14132,0.22747012972831726
EID_13168,0.17630070447921753
EID_16973,0.11064973473548889
EID_13426,0.14134755730628967
EID_1493,0.15846624970436096
EID_3994,0.12453964352607727
EID_10574,0.1746515929698944
EID_12394,0.16429421305656433
EID_4781,0.2680286765098572
EID_24911,0.19818076491355896
EID_3205,0.1813966929912567
EID_25568,0.23602241277694702
EID_4343,0.16633781790733337
EID_4330,0.16651403903961182
EID_12518,0.22858017683029175
EID_18426,0.19420182704925537
EID_3862,0.16816657781600952
EID_13478,0.22110483050346375
EID_5607,0.17551711201667786
EID_22353,0.18444007635116577
EID_18346,0.16789349913597107
EID_5978,0.20781323313713074
EID_3391,0.1621595323085785
EID_8525,0.26496052742004395
EID_5245,0.1646559238433838
EID_11791,0.2044212818145752
EID_22913,0.22073188424110413
EID_15587,0.1304912567138672
EID_4851,0.17164060473442078
EID_3432,0.16426116228103638
EID_13090,0.18814706802368164
EID_15117,0.18735447525978088
EID_22004,0.2889711856842041
EID_16053,0.20731133222579956
EID_16458,0.18631243705749512
EID_8021,0.2940884232521057
EID_24385,0.19951632618904114
EID_7053,0.21309396624565125
EID_13544,0.1472337245941162
EID_9014,0.21471312642097473
EID_9246,0.27700549364089966
EID_15642,0.16868916153907776
EID_12295,0.19714003801345825
EID_7925,0.2175183892250061
EID_18473,0.2105589210987091
EID_19427,0.22664150595664978
EID_17027,0.18244382739067078
EID_22093,0.2636352777481079
EID_25611,0.1944596767425537
EID_20490,0.1897810697555542
EID_4204,0.21235886216163635
EID_2604,0.1597156524658203
EID_16152,0.2571202218532562
EID_8563,0.31824225187301636
EID_18620,0.195876806974411
EID_11012,0.2120460867881775
EID_19598,0.25613605976104736
EID_13159,0.24016627669334412
EID_13171,0.1560390591621399
EID_8374,0.2818121910095215
EID_9838,0.1910029947757721
EID_18489,0.2392367720603943
EID_17451,0.17504757642745972
EID_7269,0.20208799839019775
EID_20548,0.27149707078933716
EID_9466,0.16156268119812012
EID_16085,0.17963290214538574
EID_24082,0.2968681752681732
EID_5078,0.15516680479049683
EID_23951,0.1624775230884552
EID_8327,0.22355613112449646
EID_5904,0.26491600275039673
EID_11085,0.18146347999572754
EID_21437,0.20651847124099731
EID_7471,0.15079355239868164
EID_12046,0.1612362265586853
EID_18653,0.13485905528068542
EID_14175,0.21256253123283386
EID_5514,0.19322383403778076
EID_20148,0.24009636044502258
EID_14260,0.13646695017814636
EID_15574,0.18711483478546143
EID_7287,0.24090704321861267
EID_18889,0.220575749874115
EID_13106,0.2808752954006195
EID_15448,0.23134222626686096
EID_25897,0.1679190695285797
EID_23758,0.16502892971038818
EID_23208,0.12182042002677917
EID_13646,0.26189976930618286
EID_5467,0.12207666039466858
EID_6022,0.1345212459564209
EID_10923,0.16466256976127625
EID_10408,0.14391541481018066
EID_4186,0.22113025188446045
EID_22022,0.16976159811019897
EID_16390,0.24125909805297852
EID_19493,0.2160058319568634
EID_12519,0.21101757884025574
EID_23549,0.18782874941825867
EID_17612,0.27628517150878906
EID_25007,0.24603146314620972
EID_1949,0.2446405589580536
EID_23313,0.22364720702171326
EID_22516,0.22544920444488525
EID_21836,0.18906140327453613
EID_7268,0.17217940092086792
EID_8202,0.1531606912612915
EID_6613,0.24381625652313232
EID_2596,0.24151095747947693
EID_19849,0.21220678091049194
EID_11546,0.21464240550994873
EID_3942,0.1496216058731079
EID_7899,0.16985195875167847
EID_4802,0.20957687497138977
EID_6725,0.17049768567085266
EID_3835,0.14241230487823486
EID_9511,0.2076743245124817
EID_5757,0.21920719742774963
EID_24838,0.2175430953502655
EID_15225,0.3157920837402344
EID_8238,0.19529655575752258
EID_2826,0.11362946033477783
EID_20774,0.2158178985118866
EID_19311,0.22828683257102966
EID_12339,0.16820189356803894
EID_1583,0.2611195743083954
EID_1033,0.12577304244041443
EID_10764,0.16087818145751953
EID_17203,0.17663916945457458
EID_1345,0.11973884701728821
EID_4951,0.13794741034507751
EID_16956,0.32942479848861694
EID_9203,0.258317232131958
EID_7021,0.20536953210830688
EID_8707,0.21424734592437744
EID_5209,0.18340343236923218
EID_20428,0.19407373666763306
EID_10913,0.1878703236579895
EID_11507,0.1900261640548706
EID_3693,0.15564501285552979
EID_22857,0.19274121522903442
EID_18744,0.193776935338974
EID_19600,0.17376694083213806
EID_21336,0.13210362195968628
EID_17676,0.18295738101005554
EID_1678,0.22653669118881226
EID_4889,0.23494678735733032
EID_9961,0.18836632370948792
EID_23386,0.19063806533813477
EID_19835,0.23970600962638855
EID_9519,0.1784442961215973
EID_5449,0.23595842719078064
EID_20640,0.18937379121780396
EID_16387,0.1780467927455902
EID_20293,0.19906431436538696
EID_2296,0.17376092076301575
EID_11827,0.1308315098285675
EID_21522,0.17010146379470825
EID_2767,0.1941775679588318
EID_2873,0.21982690691947937
EID_2603,0.1905117630958557
EID_2674,0.21241769194602966
EID_23682,0.1903640627861023
EID_13310,0.24548888206481934
EID_6523,0.1487814486026764
EID_13056,0.23682346940040588
EID_7244,0.2698584198951721
EID_1072,0.22766456007957458
EID_25833,0.20909249782562256
EID_11244,0.24912697076797485
EID_22918,0.18605950474739075
EID_16735,0.2870326042175293
EID_4201,0.1974698007106781
EID_5998,0.207114577293396
EID_19254,0.2816031277179718
EID_16653,0.2445085644721985
EID_11729,0.23642751574516296
EID_19573,0.19567197561264038
EID_21463,0.17964643239974976
EID_5899,0.21621361374855042
EID_23613,0.15706896781921387
EID_8609,0.20199403166770935
EID_2660,0.23086687922477722
EID_1333,0.1676630973815918
EID_3212,0.2499614953994751
EID_7830,0.18394610285758972
EID_4372,0.15184953808784485
EID_15955,0.21545302867889404
EID_22059,0.2622354328632355
EID_22804,0.19393745064735413
EID_4700,0.15811032056808472
EID_14401,0.14785128831863403
EID_19971,0.25592535734176636
EID_10684,0.22791165113449097
EID_21512,0.23592236638069153
EID_16722,0.12678134441375732
EID_16012,0.18179276585578918
EID_19093,0.2209813892841339
EID_25636,0.20289203524589539
EID_10567,0.21079188585281372
EID_11601,0.21530690789222717
EID_25697,0.14615005254745483
EID_22131,0.15100622177124023
EID_8511,0.19460627436637878
EID_18114,0.24446827173233032
EID_12784,0.19620442390441895
EID_12820,0.3100862503051758
EID_4512,0.1539137065410614
EID_5837,0.20330458879470825
EID_12564,0.1772226095199585
EID_16737,0.18616852164268494
EID_25986,0.24819186329841614
EID_8729,0.2056470513343811
EID_4386,0.1849096417427063
EID_5223,0.16082441806793213
EID_1494,0.24013766646385193
EID_22699,0.3665205240249634
EID_1083,0.1673746407032013
EID_1329,0.19323685765266418
EID_3550,0.2526949346065521
EID_18845,0.23582985997200012
EID_17946,0.1966446042060852
EID_1712,0.1488722264766693
EID_12024,0.1982690393924713
EID_2974,0.21896076202392578
EID_12806,0.17653733491897583
EID_10396,0.252196729183197
EID_3998,0.12431645393371582
EID_22451,0.16794586181640625
EID_12242,0.18390774726867676
EID_18599,0.24691781401634216
EID_9423,0.1273108720779419
EID_25347,0.15790176391601562
EID_20183,0.10012367367744446
EID_18079,0.16046971082687378
EID_10059,0.17463380098342896
EID_1322,0.16671037673950195
EID_18109,0.252330482006073
EID_7325,0.1798628568649292
EID_6000,0.23098018765449524
EID_10760,0.17058297991752625
EID_24380,0.25621920824050903
EID_7070,0.1919042468070984
EID_2796,0.1491588056087494
EID_18860,0.1896507441997528
EID_13597,0.19561856985092163
EID_6858,0.18666717410087585
EID_14987,0.2571486532688141
EID_8902,0.24552389979362488
EID_9453,0.33179426193237305
EID_20605,0.1556033194065094
EID_16020,0.14520549774169922
EID_6335,0.24583977460861206
EID_1317,0.2160104215145111
EID_5575,0.17722898721694946
EID_17433,0.26559433341026306
EID_6238,0.21683406829833984
EID_10734,0.22771021723747253
EID_7661,0.13402041792869568
EID_9281,0.2127155363559723
EID_19259,0.22310703992843628
EID_9544,0.30219408869743347
EID_2572,0.22997328639030457
EID_12706,0.22965174913406372
EID_20500,0.17494577169418335
EID_19258,0.15068095922470093
EID_15915,0.14810708165168762
EID_25265,0.18181112408638
EID_16567,0.262173593044281
EID_19553,0.24377155303955078
EID_25403,0.2172662615776062
EID_10354,0.19434848427772522
EID_19522,0.25844573974609375
EID_20132,0.1986907720565796
EID_3363,0.16904833912849426
EID_15253,0.21695661544799805
EID_8368,0.20300373435020447
EID_3883,0.19453707337379456
EID_7323,0.19832396507263184
EID_16203,0.20441511273384094
EID_9080,0.19378596544265747
EID_12266,0.22424912452697754
EID_13777,0.20517247915267944
EID_24876,0.1843753159046173
EID_11961,0.17767846584320068
EID_25871,0.19331949949264526
EID_3563,0.17256146669387817
EID_3377,0.2448689043521881
EID_19924,0.18982034921646118
EID_4070,0.13244491815567017
EID_7727,0.17045360803604126
EID_2253,0.1952492892742157
EID_5056,0.2065976858139038
EID_16751,0.2175363004207611
EID_2105,0.163020521402359
EID_14078,0.19696539640426636
EID_18779,0.20596829056739807
EID_2218,0.24687913060188293
EID_6130,0.1855212152004242
EID_21722,0.25154781341552734
EID_17748,0.14372417330741882
EID_21322,0.24681159853935242
EID_6016,0.18590182065963745
EID_20480,0.13013648986816406
EID_18843,0.2498193085193634
EID_7336,0.2564502954483032
EID_4455,0.14822158217430115
EID_15206,0.23700028657913208
EID_15582,0.178501695394516
EID_22381,0.19018569588661194
EID_22606,0.19087684154510498
EID_12159,0.17663279175758362
EID_10027,0.2323358952999115
EID_4107,0.20673877000808716
EID_18932,0.1802779734134674
EID_1321,0.17168301343917847
EID_7759,0.14051052927970886
EID_21961,0.23927903175354004
EID_15289,0.25433826446533203
EID_23069,0.2718200087547302
EID_17187,0.20327892899513245
EID_25372,0.22531777620315552
EID_9787,0.19665613770484924
EID_9797,0.1527824103832245
EID_10831,0.22955289483070374
EID_24620,0.2613086700439453
EID_8715,0.17993676662445068
EID_13459,0.2330305576324463
EID_14031,0.22716152667999268
EID_14541,0.23401424288749695
EID_12395,0.27325981855392456
EID_7150,0.23156076669692993
EID_14422,0.2326895296573639
EID_19060,0.19500324130058289
EID_9338,0.1926184594631195
EID_21042,0.21339324116706848
EID_8011,0.16681396961212158
EID_8102,0.21788370609283447
EID_11068,0.19624993205070496
EID_15461,0.20154023170471191
EID_18509,0.22483351826667786
EID_5796,0.12062209844589233
EID_19905,0.23297497630119324
EID_21609,0.2043335735797882
EID_14873,0.2220401167869568
EID_8033,0.18530675768852234
EID_21354,0.20457863807678223
EID_16377,0.25077617168426514
EID_10566,0.20570823550224304
EID_4791,0.17824941873550415
EID_20944,0.20500919222831726
EID_24913,0.3098851442337036
EID_3868,0.12990811467170715
EID_10611,0.1536199152469635
EID_21702,0.17415639758110046
EID_9472,0.2146364152431488
EID_10746,0.16330957412719727
EID_17717,0.1894867718219757
EID_18535,0.21010330319404602
EID_23706,0.14561370015144348
EID_7039,0.0829818844795227
EID_23797,0.16849520802497864
EID_1574,0.2755661606788635
EID_5931,0.23843619227409363
EID_6468,0.15580913424491882
EID_15805,0.18236207962036133
EID_2988,0.23855385184288025
EID_21966,0.21963557600975037
EID_16571,0.21791991591453552
EID_10082,0.17802664637565613
EID_8359,0.1727277934551239
EID_3200,0.23375403881072998
EID_2206,0.16390588879585266
EID_14234,0.3010396361351013
EID_12498,0.1809350550174713
EID_12009,0.22956034541130066
EID_12486,0.2944820523262024
EID_2679,0.2218741774559021
EID_25329,0.18967565894126892
EID_18268,0.28570353984832764
EID_18253,0.19157478213310242
EID_11915,0.20808374881744385
EID_2503,0.23980730772018433
EID_22110,0.24023377895355225
EID_9344,0.19626837968826294
EID_17568,0.27763479948043823
EID_1445,0.21320068836212158
EID_12971,0.1843777298927307
EID_14129,0.18780267238616943
EID_22888,0.17800235748291016
EID_17510,0.19800609350204468
EID_11722,0.1901209056377411
EID_18542,0.13040289282798767
EID_13158,0.2209317982196808
EID_2810,0.18136632442474365
EID_16559,0.21994620561599731
EID_1124,0.2115803062915802
EID_2137,0.16431790590286255
EID_13145,0.2695474624633789
EID_14181,0.19354957342147827
EID_24695,0.13738232851028442
EID_21367,0.2636807858943939
EID_13213,0.3241763710975647
EID_15852,0.2329326868057251
EID_9531,0.1756514608860016
EID_6197,0.22576552629470825
EID_20012,0.22642523050308228
EID_10381,0.22814762592315674
EID_9136,0.1775212287902832
EID_12063,0.2570018470287323
EID_22318,0.2092898190021515
EID_24047,0.21162572503089905
EID_5834,0.17471280694007874
EID_4763,0.16753697395324707
EID_24096,0.1271325647830963
EID_13825,0.19010767340660095
EID_14326,0.1475880742073059
EID_10111,0.10962265729904175
EID_23362,0.19527339935302734
EID_8682,0.1569628119468689
EID_18727,0.21625733375549316
EID_20725,0.17376863956451416
EID_15976,0.17212817072868347
EID_17626,0.18772807717323303
EID_13302,0.19268569350242615
EID_11333,0.23562189936637878
EID_12305,0.17189085483551025
EID_4987,0.19620981812477112
EID_12132,0.18253692984580994
EID_14163,0.2429250180721283
EID_15666,0.13346421718597412
EID_19257,0.1998995840549469
EID_1591,0.15595489740371704
EID_5610,0.24950522184371948
EID_4835,0.23444148898124695
EID_5060,0.17777803540229797
EID_15897,0.15834882855415344
EID_9771,0.1674928367137909
EID_11486,0.1161034107208252
EID_14583,0.257874995470047
EID_17832,0.3001682162284851
EID_6876,0.22414135932922363
EID_18560,0.12557196617126465
EID_1091,0.1572551727294922
EID_3837,0.20923107862472534
EID_8508,0.19392991065979004
EID_23640,0.1758752465248108
EID_13280,0.18692708015441895
EID_3352,0.23828664422035217
EID_13404,0.15962189435958862
EID_23565,0.22786685824394226
EID_24526,0.19912290573120117
EID_9254,0.17053720355033875
EID_8916,0.21710339188575745
EID_15227,0.28052079677581787
EID_11672,0.2206166386604309
EID_8926,0.17026391625404358
EID_25125,0.12362238764762878
EID_3170,0.16835716366767883
EID_24612,0.22648566961288452
EID_23932,0.21249055862426758
EID_11554,0.22998705506324768
EID_19854,0.1922728419303894
EID_16362,0.29389864206314087
EID_13195,0.21872493624687195
EID_25559,0.17110851407051086
EID_18526,0.17583343386650085
EID_23226,0.15829843282699585
EID_5873,0.27969032526016235
EID_11286,0.14838355779647827
EID_7573,0.2977658808231354
EID_11669,0.21473097801208496
EID_12639,0.21148955821990967
EID_12309,0.18161016702651978
EID_17566,0.1997385323047638
EID_3644,0.12980571389198303
EID_9921,0.2977014183998108
EID_14703,0.3125675320625305
EID_19366,0.3046877086162567
EID_12449,0.1971258819103241
EID_24591,0.23187509179115295
EID_4698,0.15807804465293884
EID_17657,0.2964094877243042
EID_24446,0.23273026943206787
EID_18528,0.19615963101387024
EID_8868,0.19243505597114563
EID_5820,0.16853806376457214
EID_24215,0.1709596812725067
EID_19176,0.1973072588443756
EID_6578,0.18166160583496094
EID_9672,0.25997409224510193
EID_10702,0.1806548535823822
EID_4741,0.3309081792831421
EID_24067,0.19988110661506653
EID_2416,0.2178126871585846
EID_12089,0.19498586654663086
EID_8392,0.15322059392929077
EID_16766,0.32765740156173706
EID_23137,0.22471123933792114
EID_24704,0.2137826383113861
EID_13184,0.15784302353858948
EID_21642,0.23432311415672302
EID_8050,0.15395808219909668
EID_20432,0.24028366804122925
EID_14456,0.2503299415111542
EID_7769,0.17393192648887634
EID_14077,0.22925251722335815
EID_17805,0.24227729439735413
EID_14927,0.21022173762321472
EID_7995,0.2144342064857483
EID_2297,0.14635345339775085
EID_7960,0.2712007164955139
EID_9481,0.1431184709072113
EID_2781,0.18236297369003296
EID_25571,0.20225617289543152
EID_12462,0.21552708745002747
EID_17761,0.15177640318870544
EID_22310,0.2210891842842102
EID_15161,0.16495373845100403
EID_3361,0.18122532963752747
EID_2166,0.25956133008003235
EID_1515,0.18335089087486267
EID_13787,0.21367979049682617
EID_23496,0.15663403272628784
EID_7820,0.19833573698997498
EID_14433,0.20865175127983093
EID_9405,0.24918875098228455
EID_4195,0.19107970595359802
EID_24190,0.20446455478668213
EID_20400,0.20030611753463745
EID_16111,0.1098204255104065
EID_5502,0.2469264268875122
EID_17381,0.1345714032649994
EID_22435,0.12362536787986755
EID_3060,0.17170506715774536
EID_19197,0.16944196820259094
EID_13311,0.21362480521202087
EID_14282,0.1790718138217926
EID_5849,0.14790970087051392
EID_19845,0.09119871258735657
EID_6965,0.14382773637771606
EID_5048,0.18608471751213074
EID_13766,0.2005201280117035
EID_22269,0.20434224605560303
EID_4363,0.12969046831130981
EID_12215,0.312889963388443
EID_14479,0.2853029668331146
EID_7348,0.2256590723991394
EID_25664,0.3273962140083313
EID_4940,0.26930174231529236
EID_6877,0.29672515392303467
EID_8337,0.16259446740150452
EID_1775,0.13705971837043762
EID_13938,0.1870783269405365
EID_12735,0.2210690677165985
EID_16138,0.15348124504089355
EID_18586,0.176186203956604
EID_16650,0.1787361204624176
EID_18259,0.20038869976997375
EID_19144,0.1771913766860962
EID_4483,0.257493257522583
EID_10929,0.2071388065814972
EID_19882,0.23805731534957886
EID_3779,0.2699087858200073
EID_18678,0.2779112756252289
EID_7168,0.26879265904426575
EID_23279,0.21353504061698914
EID_17008,0.14352947473526
EID_2795,0.24872902035713196
EID_1833,0.24667462706565857
EID_21026,0.1407293975353241
EID_20322,0.10687956213951111
EID_10026,0.2108984887599945
EID_7742,0.258596271276474
EID_21792,0.18213292956352234
EID_14341,0.20446303486824036
EID_24634,0.3147108554840088
EID_3379,0.17920002341270447
EID_20627,0.21845519542694092
EID_8572,0.20388972759246826
EID_15104,0.1851348876953125
EID_12426,0.22463953495025635
EID_17588,0.2000630795955658
EID_20961,0.17709609866142273
EID_23260,0.21294128894805908
EID_7213,0.21075952053070068
EID_11851,0.16327586770057678
EID_5696,0.20115429162979126
EID_23011,0.2978399693965912
EID_2035,0.24776026606559753
EID_22461,0.17358088493347168
EID_23215,0.22021618485450745
EID_6913,0.16719749569892883
EID_5739,0.17464962601661682
EID_19814,0.18915197253227234
EID_20320,0.19925332069396973
EID_2043,0.15273669362068176
EID_21992,0.2679014503955841
EID_9324,0.2157219648361206
EID_3863,0.14729705452919006
EID_7513,0.1574944257736206
EID_11120,0.251326322555542
EID_6548,0.20845231413841248
EID_23957,0.20653364062309265
EID_11408,0.18044516444206238
EID_24638,0.13594263792037964
EID_3908,0.2483384609222412
EID_17023,0.1936768889427185
EID_10902,0.17706722021102905
EID_3543,0.20262181758880615
EID_3633,0.18282967805862427
EID_3394,0.19647088646888733
EID_8619,0.22214776277542114
EID_13424,0.22816401720046997
EID_15405,0.18405836820602417
EID_21727,0.22095921635627747
EID_18916,0.20076662302017212
EID_3335,0.182553231716156
EID_2811,0.2896624803543091
EID_8620,0.11930787563323975
EID_3249,0.15485796332359314
EID_22140,0.15171542763710022
EID_18934,0.22391390800476074
EID_24271,0.20211949944496155
EID_2164,0.1937199831008911
EID_22961,0.17863264679908752
EID_25318,0.1673297882080078
EID_23064,0.256139874458313
EID_1056,0.23209446668624878
EID_4389,0.21300563216209412
EID_6949,0.14454132318496704
EID_16133,0.16249078512191772
EID_8023,0.12539878487586975
EID_19426,0.22293663024902344
EID_12895,0.1824893057346344
EID_17667,0.1989428699016571
EID_14826,0.17309173941612244
EID_8807,0.1593664288520813
EID_13977,0.1694278120994568
EID_11167,0.24926528334617615
EID_22535,0.2011575698852539
EID_5357,0.17897921800613403
EID_1450,0.18676793575286865
EID_24647,0.21954432129859924
EID_1516,0.20425304770469666
EID_10122,0.17098721861839294
EID_2423,0.287589967250824
EID_4276,0.24750268459320068
EID_10610,0.22868090867996216
EID_5840,0.2276555895805359
EID_19117,0.20000356435775757
EID_1753,0.1966889500617981
EID_11679,0.2511262893676758
EID_12425,0.17862862348556519
EID_21118,0.19385462999343872
EID_1348,0.10301434993743896
EID_3143,0.17261934280395508
EID_12153,0.20212322473526
EID_22834,0.2441263496875763
EID_14978,0.2667121887207031
EID_23361,0.14467859268188477
EID_5207,0.13121449947357178
EID_8395,0.22635039687156677
EID_2440,0.17418935894966125
EID_14196,0.17823493480682373
EID_16684,0.24351435899734497
EID_22520,0.15825453400611877
EID_14689,0.20172637701034546
EID_22890,0.16242685914039612
EID_18695,0.21005821228027344
EID_1275,0.182350754737854
EID_6033,0.17492374777793884
EID_25616,0.16570419073104858
EID_6190,0.2531748414039612
EID_2964,0.1965915560722351
EID_24869,0.24889802932739258
EID_3319,0.2721245288848877
EID_15857,0.20194515585899353
EID_4615,0.24513182044029236
EID_23926,0.1517454981803894
EID_15506,0.25279271602630615
EID_4168,0.2254551649093628
EID_23593,0.2767466902732849
EID_3108,0.19913023710250854
EID_22846,0.19939294457435608
EID_12618,0.22701415419578552
EID_20341,0.18957772850990295
EID_15441,0.19946640729904175
EID_20278,0.16257259249687195
EID_19511,0.08043462038040161
EID_7832,0.17494294047355652
EID_7775,0.17253988981246948
EID_9409,0.17520537972450256
EID_11483,0.2466384470462799
EID_6657,0.16109153628349304
EID_10338,0.20685750246047974
EID_7683,0.18804389238357544
EID_11854,0.22222378849983215
EID_17102,0.21981266140937805
EID_9882,0.2369624376296997
EID_19326,0.22043898701667786
EID_1670,0.2283705174922943
EID_17455,0.19137534499168396
EID_24867,0.1944405436515808
EID_22972,0.22711360454559326
EID_4679,0.1456022560596466
EID_7172,0.13763898611068726
EID_7401,0.18404266238212585
EID_13199,0.18112722039222717
EID_12244,0.2202003300189972
EID_12771,0.228738933801651
EID_7230,0.2024036943912506
EID_19736,0.2288818657398224
EID_2755,0.22420334815979004
EID_19126,0.16715878248214722
EID_20949,0.20952561497688293
EID_4573,0.21130532026290894
EID_23671,0.15818819403648376
EID_11580,0.12306162714958191
EID_15600,0.16749179363250732
EID_17577,0.12131109833717346
EID_6773,0.21144825220108032
EID_9565,0.17633751034736633
EID_13401,0.2707051634788513
EID_17438,0.1440354883670807
EID_7604,0.12067893147468567
EID_1215,0.26137760281562805
EID_24765,0.17479830980300903
EID_2084,0.1828426718711853
EID_17898,0.18063032627105713
EID_9752,0.14930522441864014
EID_19867,0.2685905694961548
EID_5430,0.1328125
EID_22617,0.1854078769683838
EID_23590,0.25207072496414185
EID_11131,0.23566478490829468
EID_1623,0.17435753345489502
EID_25390,0.1644054651260376
EID_23316,0.2550593614578247
EID_11595,0.18859589099884033
EID_10827,0.22793561220169067
EID_14787,0.13434436917304993
EID_18290,0.13227325677871704
EID_17889,0.1553577184677124
EID_7936,0.17333903908729553
EID_12044,0.23368719220161438
EID_8205,0.1971602439880371
EID_22950,0.2418290376663208
EID_4965,0.24805429577827454
EID_24073,0.2470032274723053
EID_4946,0.18576613068580627
EID_14618,0.2344716191291809
EID_17692,0.19755777716636658
EID_23220,0.2406298816204071
EID_24364,0.21631118655204773
EID_20216,0.17391520738601685
EID_24865,0.2315739393234253
EID_11009,0.2192196547985077
EID_6889,0.23528066277503967
EID_10375,0.2730013430118561
EID_11917,0.2064674198627472
EID_25323,0.18714988231658936
EID_21841,0.175533264875412
EID_25278,0.2316434681415558
EID_17857,0.13493308424949646
EID_2991,0.3077375292778015
EID_23822,0.1502404510974884
EID_12098,0.20443391799926758
EID_14665,0.19154000282287598
EID_25373,0.23048526048660278
EID_22143,0.17243728041648865
EID_4000,0.2291182279586792
EID_2951,0.13669827580451965
EID_8610,0.12945863604545593
EID_6998,0.1933448314666748
EID_21972,0.24300840497016907
EID_3582,0.20314499735832214
EID_18220,0.22302347421646118
EID_12381,0.1844373345375061
EID_15689,0.21728146076202393
EID_12239,0.1727120280265808
EID_3987,0.3009016513824463
EID_20164,0.2733193039894104
EID_1654,0.2634711265563965
EID_25583,0.22859326004981995
EID_22736,0.19980567693710327
EID_22169,0.21327844262123108
EID_9495,0.26793724298477173
EID_2465,0.19377240538597107
EID_1659,0.19241291284561157
EID_4509,0.20319712162017822
EID_15264,0.13174548745155334
EID_9494,0.1606682538986206
EID_23657,0.21135666966438293
EID_10376,0.21714961528778076
EID_25277,0.14915886521339417
EID_15121,0.14658412337303162
EID_14760,0.24993187189102173
EID_9160,0.21062463521957397
EID_18574,0.1247377097606659
EID_2977,0.19557994604110718
EID_4745,0.12883448600769043
EID_6762,0.248886376619339
EID_2682,0.186017245054245
EID_19172,0.23717793822288513
EID_1013,0.18854296207427979
EID_1242,0.22999787330627441
EID_10336,0.17477959394454956
EID_11247,0.147322416305542
EID_4631,0.21207013726234436
EID_21660,0.1847446858882904
EID_6752,0.19054767489433289
EID_14409,0.2245011031627655
EID_21720,0.2729456424713135
EID_14495,0.15375617146492004
EID_15348,0.2122139036655426
EID_9610,0.20718801021575928
EID_10629,0.2623266279697418
EID_10182,0.21528840065002441
EID_10598,0.22954869270324707
EID_11065,0.23411357402801514
EID_16129,0.2006078064441681
EID_15572,0.20618250966072083
EID_21059,0.2662380337715149
EID_7812,0.23097380995750427
EID_15162,0.1894732415676117
EID_6911,0.244508296251297
EID_17591,0.17283952236175537
EID_22638,0.16685542464256287
EID_3217,0.17106500267982483
EID_10116,0.15214693546295166
EID_23199,0.21817022562026978
EID_18844,0.26447978615760803
EID_19931,0.20396021008491516
EID_22215,0.24527806043624878
EID_14623,0.18677127361297607
EID_7884,0.17396065592765808
EID_3197,0.2189355194568634
EID_11291,0.15199768543243408
EID_3320,0.23909780383110046
EID_12585,0.2845653295516968
EID_13592,0.14332365989685059
EID_11264,0.19921258091926575
EID_6997,0.167963445186615
EID_2327,0.24142742156982422
EID_9340,0.17842134833335876
EID_14544,0.10583949089050293
EID_13055,0.24466213583946228
EID_14014,0.26401644945144653
EID_7429,0.16284501552581787
EID_19008,0.19283631443977356
EID_14283,0.22485756874084473
EID_10882,0.2595168948173523
EID_5194,0.2354574203491211
EID_23844,0.19914403557777405
EID_22628,0.1843201220035553
EID_10033,0.17209592461585999
EID_13281,0.23952248692512512
EID_23871,0.1822720468044281
EID_3621,0.14414507150650024
EID_12968,0.3074784278869629
EID_5819,0.28483253717422485
EID_6694,0.19120386242866516
EID_17656,0.21108436584472656
EID_8888,0.17077839374542236
EID_14552,0.15354201197624207
EID_15342,0.26689791679382324
EID_7728,0.14892977476119995
EID_10331,0.11486408114433289
EID_5479,0.22150155901908875
EID_25526,0.30585968494415283
EID_12348,0.22343343496322632
EID_6196,0.2373623549938202
EID_3619,0.2153625786304474
EID_11280,0.18072521686553955
EID_18119,0.2537159323692322
EID_18058,0.3356581926345825
EID_20911,0.24493193626403809
EID_19840,0.13668161630630493
EID_11808,0.178552508354187
EID_16265,0.19805920124053955
EID_25976,0.13437017798423767
EID_3872,0.159891277551651
EID_23029,0.15406131744384766
EID_11745,0.1756957769393921
EID_9556,0.17255622148513794
EID_19748,0.19907909631729126
EID_23253,0.21028825640678406
EID_16237,0.20577594637870789
EID_11694,0.15004906058311462
EID_12824,0.21534553170204163
EID_12797,0.1790839433670044
EID_3524,0.23721522092819214
EID_10559,0.25074321031570435
EID_22844,0.24486568570137024
EID_22281,0.1701783835887909
EID_9535,0.18630486726760864
EID_1642,0.1344807744026184
EID_17630,0.2298663854598999
EID_15083,0.2006683647632599
EID_2690,0.14629405736923218
EID_12199,0.18893477320671082
EID_3449,0.1667996644973755
EID_12097,0.29857274889945984
EID_23272,0.2366737425327301
EID_6890,0.346015065908432
EID_2438,0.23195818066596985
EID_6508,0.2299898862838745
EID_10772,0.16421794891357422
EID_6076,0.17628061771392822
EID_3045,0.18526485562324524
EID_24779,0.20429649949073792
EID_12553,0.21661648154258728
EID_24984,0.11352372169494629
EID_17157,0.27804145216941833
EID_11823,0.1637263000011444
EID_4765,0.17275112867355347
EID_16143,0.1701144576072693
EID_19658,0.21413373947143555
EID_12035,0.22066310048103333
EID_3481,0.17085260152816772
EID_12776,0.19739782810211182
EID_21160,0.15727180242538452
EID_11127,0.20704537630081177
EID_11784,0.17047595977783203
EID_17458,0.15219548344612122
EID_15653,0.20436272025108337
EID_25399,0.20215916633605957
EID_8799,0.26716291904449463
EID_14529,0.1891539990901947
EID_19407,0.24792760610580444
EID_8224,0.17737418413162231
EID_21582,0.30160757899284363
EID_14807,0.1732340157032013
EID_17338,0.18257388472557068
EID_10635,0.16620218753814697
EID_16300,0.1697104573249817
EID_5155,0.2454332709312439
EID_11136,0.3287161588668823
EID_7716,0.15237247943878174
EID_13041,0.19860580563545227
EID_1572,0.20244872570037842
EID_2382,0.17492887377738953
EID_4568,0.18366295099258423
EID_25153,0.21587353944778442
EID_20523,0.20415103435516357
EID_2332,0.17624685168266296
EID_6143,0.11382666230201721
EID_19549,0.22561824321746826
EID_24568,0.22586673498153687
EID_23211,0.2446761131286621
EID_2342,0.14282211661338806
EID_2922,0.16151416301727295
EID_6026,0.16501039266586304
EID_10107,0.1485537886619568
EID_14855,0.31168073415756226
EID_18780,0.19540008902549744
EID_10578,0.16762962937355042
EID_3842,0.2759644389152527
EID_10225,0.11285576224327087
EID_15275,0.2720791697502136
EID_10740,0.178440660238266
EID_9483,0.25707459449768066
EID_11262,0.13638600707054138
EID_24388,0.16994357109069824
EID_19271,0.25039926171302795
EID_15363,0.19426849484443665
EID_16555,0.20716255903244019
EID_7387,0.24950850009918213
EID_2692,0.1805834174156189
EID_19754,0.2507628798484802
EID_10859,0.14192956686019897
EID_16618,0.19202393293380737
EID_1697,0.19555380940437317
EID_3764,0.19008085131645203
EID_4502,0.16678279638290405
EID_19240,0.2351473867893219
EID_22590,0.25370311737060547
EID_14056,0.14785906672477722
EID_20697,0.2559937834739685
EID_2505,0.20263761281967163
EID_23288,0.14015185832977295
EID_23373,0.17904210090637207
EID_18878,0.25658440589904785
EID_11857,0.1922488808631897
EID_25945,0.1265101432800293
EID_18242,0.27833104133605957
EID_22823,0.15650314092636108
EID_5625,0.13672897219657898
EID_6702,0.1833878755569458
EID_24252,0.21517837047576904
EID_12704,0.23658835887908936
EID_1770,0.1642531156539917
EID_10159,0.13852879405021667
EID_3702,0.17103061079978943
EID_2688,0.1820419728755951
EID_19784,0.18835413455963135
EID_3636,0.17465832829475403
EID_14537,0.20266711711883545
EID_4878,0.14231178164482117
EID_10260,0.1477281153202057
EID_5154,0.2917240262031555
EID_21206,0.1810525357723236
EID_15511,0.22135967016220093
EID_8010,0.18314480781555176
EID_6249,0.19493401050567627
EID_7392,0.20620304346084595
EID_18362,0.19093012809753418
EID_14147,0.18808767199516296
EID_24826,0.1690676212310791
EID_10862,0.26303619146347046
EID_3088,0.12325072288513184
EID_2871,0.14587989449501038
EID_22681,0.2446502149105072
EID_3720,0.20090046525001526
EID_21540,0.1884201169013977
EID_3516,0.12338978052139282
EID_10969,0.15648430585861206
EID_11396,0.20793893933296204
EID_11407,0.23862525820732117
EID_19264,0.23466134071350098
EID_12406,0.13737380504608154
EID_19440,0.1811468005180359
EID_22729,0.2906193733215332
EID_21143,0.17556977272033691
EID_19936,0.2098754644393921
EID_13997,0.18802466988563538
EID_15533,0.19582879543304443
EID_22065,0.12725216150283813
EID_6600,0.24351713061332703
EID_15316,0.15520954132080078
EID_10721,0.15719673037528992
EID_20630,0.24753332138061523
EID_17720,0.18619415163993835
EID_7692,0.1990286111831665
EID_25004,0.15828192234039307
EID_1804,0.251852810382843
EID_25207,0.2181459367275238
EID_7638,0.1427803635597229
EID_8179,0.1628814935684204
EID_23406,0.16137906908988953
EID_19285,0.19514989852905273
EID_15333,0.1601371169090271
EID_9685,0.21726495027542114
EID_15725,0.22391659021377563
EID_8302,0.13043609261512756
EID_10726,0.20917177200317383
EID_6168,0.2528436481952667
EID_16711,0.26869553327560425
EID_24881,0.11574837565422058
EID_15281,0.16231289505958557
EID_17428,0.19463059306144714
EID_2814,0.23167771100997925
EID_8717,0.30888181924819946
EID_4395,0.2984781265258789
EID_22871,0.21469035744667053
EID_22152,0.17579740285873413
EID_23649,0.19936108589172363
EID_24748,0.23611456155776978
EID_25426,0.17201203107833862
EID_13986,0.20559436082839966
EID_19704,0.1885800063610077
EID_15554,0.15970122814178467
EID_23100,0.2371535301208496
EID_25408,0.15501278638839722
EID_15870,0.15315178036689758
EID_4048,0.17248183488845825
EID_12712,0.27749407291412354
EID_1937,0.17198005318641663
EID_14246,0.2230677604675293
EID_2569,0.14396941661834717
EID_6228,0.14656156301498413
EID_21309,0.14355766773223877
EID_16971,0.2693631052970886
EID_25273,0.17828676104545593
EID_8968,0.25972723960876465
EID_21475,0.3569554090499878
EID_1982,0.18464908003807068
EID_23627,0.18296566605567932
EID_14209,0.19164949655532837
EID_22365,0.1708284616470337
EID_21031,0.23914217948913574
EID_16883,0.27125418186187744
EID_15734,0.2226293981075287
EID_20840,0.19399985671043396
EID_20792,0.17191606760025024
EID_2652,0.18272823095321655
EID_3079,0.22868826985359192
EID_1425,0.28013482689857483
EID_17271,0.2173888385295868
EID_22724,0.17508795857429504
EID_23964,0.1508484184741974
EID_9333,0.26388639211654663
EID_12374,0.2417634129524231
EID_25107,0.20750075578689575
EID_22869,0.23286381363868713
EID_18753,0.18360412120819092
EID_16805,0.18736231327056885
EID_19994,0.21634545922279358
EID_3004,0.2847035825252533
EID_12616,0.19117552042007446
EID_6090,0.16316184401512146
EID_3303,0.14150545001029968
EID_9435,0.31311529874801636
EID_1838,0.24530711770057678
EID_15681,0.2166377305984497
EID_17496,0.21045175194740295
EID_8456,0.15541628003120422
EID_23174,0.23963963985443115
EID_8285,0.35793793201446533
EID_6547,0.11686047911643982
EID_23648,0.1803966462612152
EID_7958,0.29340845346450806
EID_19299,0.21199718117713928
EID_8699,0.11406800150871277
EID_14528,0.16199687123298645
EID_23167,0.12984344363212585
EID_25289,0.1779567301273346
EID_12802,0.1941620409488678
EID_15986,0.2382773756980896
EID_3609,0.18609806895256042
EID_2045,0.1594562828540802
EID_1788,0.13871219754219055
EID_22630,0.19399124383926392
EID_10542,0.18819037079811096
EID_13101,0.10984408855438232
EID_5159,0.22941699624061584
EID_18490,0.11886435747146606
EID_25693,0.19222867488861084
EID_20514,0.20277780294418335
EID_3713,0.1374254822731018
EID_11193,0.1895381212234497
EID_6052,0.15431636571884155
EID_6986,0.13494592905044556
EID_9104,0.2184094488620758
EID_23058,0.2288370132446289
EID_3156,0.1397310495376587
EID_17660,0.19496992230415344
EID_17514,0.297829806804657
EID_15370,0.24654224514961243
EID_12207,0.17654502391815186
EID_7351,0.2207973301410675
EID_24727,0.13724881410598755
EID_6356,0.2325621247291565
EID_15421,0.1563747227191925
EID_11772,0.1904677450656891
EID_14071,0.11542919278144836
EID_16359,0.2029719352722168
EID_16919,0.1706116795539856
EID_21496,0.2621691823005676
EID_10564,0.12926805019378662
EID_3773,0.2065451741218567
EID_9484,0.19379264116287231
EID_13601,0.13491195440292358
EID_13843,0.18196028470993042
EID_8774,0.12015551328659058
EID_7542,0.25269198417663574
EID_3388,0.1542445421218872
EID_17949,0.19336798787117004
EID_1815,0.23889458179473877
EID_10479,0.2276294231414795
EID_10722,0.22476881742477417
EID_3427,0.18784397840499878
EID_18205,0.23140788078308105
EID_21650,0.19561222195625305
EID_23124,0.1820937693119049
EID_4294,0.3381423354148865
EID_13366,0.1567688286304474
EID_13957,0.1494285762310028
EID_3578,0.21507924795150757
EID_24105,0.20081430673599243
EID_13186,0.19497349858283997
EID_24214,0.2402244210243225
EID_17251,0.22034916281700134
EID_23225,0.25032302737236023
EID_2152,0.2450149953365326
EID_10625,0.18111982941627502
EID_2044,0.21210551261901855
EID_7201,0.2628171145915985
EID_2405,0.1819300353527069
EID_22716,0.22067394852638245
EID_22728,0.1544944941997528
EID_21251,0.1611391305923462
EID_6915,0.21868282556533813
EID_14744,0.17569753527641296
EID_15814,0.1746557056903839
EID_6659,0.18536409735679626
EID_10991,0.2477264106273651
EID_6500,0.24371594190597534
EID_19121,0.16306239366531372
EID_6278,0.19025900959968567
EID_13236,0.1911933422088623
EID_5382,0.1958894431591034
EID_6871,0.19360801577568054
EID_5012,0.29539942741394043
EID_1268,0.14946293830871582
EID_6588,0.16718965768814087
EID_22163,0.20729821920394897
EID_11121,0.34008821845054626
EID_22615,0.16868528723716736
EID_7838,0.24327552318572998
EID_3344,0.17749524116516113
EID_25292,0.13917598128318787
EID_10730,0.20179617404937744
EID_10317,0.176143079996109
EID_13443,0.285908043384552
EID_10988,0.18623307347297668
EID_23091,0.14421150088310242
EID_1839,0.21577230095863342
EID_13892,0.15471398830413818
EID_1496,0.16425082087516785
EID_15045,0.21540948748588562
EID_3744,0.1480710506439209
EID_13010,0.2100086212158203
EID_9716,0.1753500998020172
EID_2993,0.2125988006591797
EID_23435,0.16258910298347473
EID_8587,0.23421704769134521
EID_22132,0.13065126538276672
EID_21413,0.245303213596344
EID_11881,0.25535905361175537
EID_19850,0.3004341721534729
EID_18460,0.22161123156547546
EID_17983,0.26366493105888367
EID_14888,0.2327370047569275
EID_14002,0.14574703574180603
EID_13524,0.18217262625694275
EID_4049,0.176233172416687
EID_6535,0.13359162211418152
EID_10557,0.18798184394836426
EID_1313,0.15703493356704712
EID_12424,0.1549133062362671
EID_8210,0.2062797248363495
EID_22378,0.16359269618988037
EID_19644,0.2524975538253784
EID_8790,0.2281895875930786
EID_5778,0.22541800141334534
EID_23887,0.1688517928123474
EID_16103,0.2394503355026245
EID_20604,0.18736380338668823
EID_17378,0.2050652801990509
EID_5566,0.15169695019721985
EID_24264,0.21654847264289856
EID_7814,0.23713725805282593
EID_1968,0.18218383193016052
EID_10282,0.1532883644104004
EID_13648,0.17532718181610107
EID_22376,0.15894746780395508
EID_3690,0.2817327380180359
EID_17871,0.14570066332817078
EID_19167,0.20503517985343933
EID_5366,0.197018563747406
EID_16996,0.12944599986076355
EID_1953,0.20647954940795898
EID_8760,0.16987600922584534
EID_20448,0.18790236115455627
EID_15787,0.18293997645378113
EID_18982,0.12902560830116272
EID_4388,0.23030179738998413
EID_22325,0.1966710388660431
EID_10189,0.21624672412872314
EID_21162,0.1426408886909485
EID_1032,0.17625349760055542
EID_12045,0.14861226081848145
EID_18324,0.21230465173721313
EID_15085,0.16508859395980835
EID_21927,0.24863401055335999
EID_13325,0.21257776021957397
EID_17801,0.24165531992912292
EID_7678,0.2370654046535492
EID_17469,0.1680794656276703
EID_14318,0.21114954352378845
EID_16439,0.19982516765594482
EID_2307,0.10298416018486023
EID_20011,0.18360239267349243
EID_19381,0.19747567176818848
EID_14043,0.16844898462295532
EID_14774,0.1894730031490326
EID_22982,0.2233622968196869
EID_19092,0.1615932285785675
EID_13137,0.1751362681388855
EID_5738,0.17215141654014587
EID_19661,0.21851596236228943
EID_22570,0.15246298909187317
EID_16393,0.26007431745529175
EID_4256,0.12302350997924805
EID_17873,0.19522571563720703
EID_13832,0.17204183340072632
EID_17617,0.20909422636032104
EID_3106,0.18901002407073975
EID_6567,0.19573286175727844
EID_4727,0.24352991580963135
EID_14518,0.22251412272453308
EID_1070,0.18438446521759033
EID_19385,0.28727757930755615
EID_20032,0.15332210063934326
EID_11714,0.17209801077842712
EID_23636,0.1840023696422577
EID_1985,0.135983407497406
EID_5627,0.19987446069717407
EID_15171,0.11516934633255005
EID_8811,0.22355979681015015
EID_2163,0.2429516315460205
EID_8459,0.12780001759529114
EID_18138,0.20951038599014282
EID_17518,0.20199063420295715
EID_17432,0.1870954930782318
EID_25686,0.2228454053401947
EID_2470,0.2788916826248169
EID_16311,0.29915952682495117
EID_6903,0.1777903437614441
EID_11990,0.2486487627029419
EID_23460,0.13890954852104187
EID_25924,0.1632329225540161
EID_13985,0.2054077386856079
EID_5455,0.15107199549674988
EID_13427,0.17714908719062805
EID_24855,0.17432129383087158
EID_15532,0.19810691475868225
EID_8953,0.22782590985298157
EID_22683,0.14705303311347961
EID_22493,0.13347405195236206
EID_1451,0.17208096385002136
EID_20796,0.22449731826782227
EID_17281,0.16887545585632324
EID_7767,0.15208560228347778
EID_20838,0.23822972178459167
EID_17235,0.23628035187721252
EID_21615,0.23808705806732178
EID_6972,0.2386634349822998
EID_13930,0.18706151843070984
EID_4188,0.2023194432258606
EID_11277,0.15321120619773865
EID_18053,0.22816702723503113
EID_11288,0.2353501319885254
EID_1148,0.22313690185546875
EID_19216,0.21142011880874634
EID_7660,0.23010528087615967
EID_22805,0.2549097537994385
EID_11931,0.20378416776657104
EID_16921,0.18969660997390747
EID_4993,0.2597774267196655
EID_18070,0.2544739842414856
EID_15648,0.12973028421401978
EID_11404,0.2107124626636505
EID_14248,0.22863858938217163
EID_15424,0.09088286757469177
EID_8039,0.12125793099403381
EID_7094,0.12576520442962646
EID_13161,0.2269994020462036
EID_9293,0.23001083731651306
EID_4351,0.2503267526626587
EID_17259,0.17104771733283997
EID_2681,0.13037103414535522
EID_22123,0.2561325430870056
EID_8528,0.1621057391166687
EID_11798,0.1513773798942566
EID_20265,0.1819121241569519
EID_21396,0.15087217092514038
EID_12220,0.22711443901062012
EID_25722,0.2117350697517395
EID_21719,0.19071993231773376
EID_3506,0.284842848777771
EID_2139,0.11053362488746643
EID_6562,0.1639196276664734
EID_4353,0.14901113510131836
EID_24392,0.21112123131752014
EID_11238,0.17454403638839722
EID_20617,0.1715875267982483
EID_21473,0.21048963069915771
EID_16837,0.2779161334037781
EID_1800,0.13414669036865234
EID_25849,0.27827075123786926
EID_9395,0.18394675850868225
EID_2415,0.173069566488266
EID_9286,0.208337664604187
EID_5081,0.24054083228111267
EID_22546,0.1653139293193817
EID_11932,0.1809142827987671
EID_16292,0.18794554471969604
EID_17882,0.17586618661880493
EID_20889,0.12805166840553284
EID_10031,0.15702253580093384
EID_21576,0.2525935769081116
EID_8256,0.18130987882614136
EID_2614,0.24315902590751648
EID_2098,0.22083479166030884
EID_10242,0.23101797699928284
EID_21993,0.22624832391738892
EID_22664,0.15172579884529114
EID_1919,0.20396509766578674
EID_11629,0.21188917756080627
EID_6840,0.2553253769874573
EID_25493,0.20629572868347168
EID_14968,0.17898589372634888
EID_25313,0.2036554515361786
EID_8035,0.1833672821521759
EID_8969,0.23418286442756653
EID_15223,0.16820615530014038
EID_6266,0.20311379432678223
EID_8184,0.1641644537448883
EID_19480,0.25820040702819824
EID_19076,0.25202977657318115
EID_16339,0.17962351441383362
EID_7963,0.15176400542259216
EID_17427,0.2008996307849884
EID_12641,0.21143844723701477
EID_4122,0.2524409294128418
EID_23659,0.2538745105266571
EID_13486,0.1538948118686676
EID_18423,0.1754392683506012
EID_2181,0.19048166275024414
EID_25490,0.17519596219062805
EID_9211,0.2597794532775879
EID_5237,0.13381871581077576
EID_2418,0.20213112235069275
EID_17716,0.16442915797233582
EID_13837,0.24298876523971558
EID_2840,0.13553035259246826
EID_13004,0.3645750880241394
EID_14429,0.1886751353740692
EID_18915,0.2654680609703064
EID_22415,0.20998698472976685
EID_4304,0.2927181124687195
EID_10753,0.1761370599269867
EID_22612,0.14887592196464539
EID_1857,0.11806201934814453
EID_3566,0.14373460412025452
EID_8545,0.2737266719341278
EID_21685,0.1621948480606079
EID_9946,0.18554463982582092
EID_20447,0.14221706986427307
EID_3887,0.12730225920677185
EID_8351,0.17317670583724976
EID_23889,0.212076336145401
EID_8248,0.22982755303382874
EID_16621,0.26317083835601807
EID_25138,0.17306536436080933
EID_10004,0.19695541262626648
EID_5522,0.23061540722846985
EID_23416,0.16883552074432373
EID_14897,0.21069076657295227
EID_10840,0.19861432909965515
EID_21716,0.18763068318367004
EID_18484,0.21574464440345764
EID_7402,0.1442461609840393
EID_24854,0.1986759901046753
EID_1610,0.17295029759407043
EID_17592,0.2201842963695526
EID_22128,0.19809716939926147
EID_17304,0.147452712059021
EID_1508,0.20929735898971558
EID_20492,0.21677452325820923
EID_2324,0.17407071590423584
EID_17093,0.1768876016139984
EID_23356,0.21128472685813904
EID_17895,0.2180141806602478
EID_8186,0.13571229577064514
EID_19358,0.13116782903671265
EID_6030,0.2261219024658203
EID_17457,0.15672871470451355
EID_14976,0.21498346328735352
EID_8914,0.1386662721633911
EID_5721,0.23278868198394775
EID_11266,0.22218620777130127
EID_17012,0.13929197192192078
EID_7554,0.21515050530433655
EID_3087,0.16197916865348816
EID_19716,0.18567794561386108
EID_21723,0.1547432541847229
EID_13072,0.19352969527244568
EID_9776,0.21434545516967773
EID_25927,0.24945586919784546
EID_5593,0.10429418087005615
EID_13954,0.2014647126197815
EID_16034,0.14461666345596313
EID_1719,0.2825258672237396
EID_23054,0.16314303874969482
EID_15591,0.1827937662601471
EID_5178,0.15790802240371704
EID_24346,0.18119332194328308
EID_21264,0.1824938952922821
EID_3292,0.18267065286636353
EID_14975,0.17471083998680115
EID_9165,0.18793129920959473
EID_23369,0.1644447147846222
EID_18767,0.27450627088546753
EID_10153,0.21899840235710144
EID_2542,0.22188249230384827
EID_23826,0.24446630477905273
EID_20391,0.22155559062957764
EID_8633,0.15008538961410522
EID_5875,0.31954067945480347
EID_12699,0.16219866275787354
EID_12982,0.19998976588249207
EID_16392,0.14790105819702148
EID_8185,0.21526816487312317
EID_15462,0.23187845945358276
EID_4853,0.15426984429359436
EID_17622,0.12823766469955444
EID_23074,0.16358184814453125
EID_6390,0.17396175861358643
EID_24539,0.19101175665855408
EID_12963,0.23431721329689026
EID_8649,0.3334674537181854
EID_11810,0.25583314895629883
EID_3598,0.11798933148384094
EID_13511,0.22827133536338806
EID_16014,0.2641798257827759
EID_24791,0.26244089007377625
EID_3417,0.2517474591732025
EID_24668,0.20275118947029114
EID_4508,0.1559467911720276
EID_25150,0.15568244457244873
EID_25934,0.20584902167320251
EID_6308,0.11914107203483582
EID_10508,0.27807044982910156
EID_18724,0.26823240518569946
EID_10536,0.1427958905696869
EID_18738,0.21199655532836914
EID_15949,0.10902008414268494
EID_20722,0.27270716428756714
EID_14963,0.194202721118927
EID_6682,0.18451115489006042
EID_8365,0.20522958040237427
EID_17999,0.25150126218795776
EID_24499,0.15070530772209167
EID_20389,0.21634376049041748
EID_12123,0.14065980911254883
EID_19203,0.17779839038848877
EID_3538,0.21819379925727844
EID_19811,0.21639886498451233
EID_11473,0.17266550660133362
EID_3032,0.24432283639907837
EID_8419,0.10414719581604004
EID_9052,0.2127300500869751
EID_15837,0.2421298623085022
EID_6644,0.1463979184627533
EID_16894,0.19733375310897827
EID_10552,0.19440299272537231
EID_14750,0.1753450334072113
EID_16659,0.20337286591529846
EID_4472,0.11641484498977661
EID_4076,0.19498834013938904
EID_5163,0.19544264674186707
EID_25923,0.17763173580169678
EID_24806,0.1423482596874237
EID_3742,0.19330567121505737
EID_19722,0.2629867196083069
EID_18033,0.14102929830551147
EID_16718,0.158370703458786
EID_13182,0.2927963137626648
EID_23021,0.1960730254650116
EID_20329,0.12996351718902588
EID_8770,0.19620168209075928
EID_11234,0.18571045994758606
EID_18881,0.20708808302879333
EID_1365,0.19478148221969604
EID_19318,0.19307947158813477
EID_19343,0.17800384759902954
EID_4435,0.23866650462150574
EID_22102,0.1972014605998993
EID_24095,0.18505859375
EID_9897,0.1578107476234436
EID_21635,0.14430934190750122
EID_16514,0.2740122675895691
EID_1997,0.21539750695228577
EID_10324,0.24264079332351685
EID_6487,0.20377525687217712
EID_21197,0.2178155481815338
EID_19082,0.17858922481536865
EID_17562,0.14501091837882996
EID_8738,0.2146887481212616
EID_13687,0.19326728582382202
EID_19572,0.1412123441696167
EID_24909,0.20976299047470093
EID_21814,0.17083773016929626
EID_12083,0.15176838636398315
EID_25919,0.18313252925872803
EID_19140,0.1728154718875885
EID_23924,0.23677605390548706
EID_1208,0.15762510895729065
EID_18170,0.27815479040145874
EID_18699,0.26108551025390625
EID_1318,0.14857891201972961
EID_14941,0.24683308601379395
EID_6540,0.17117589712142944
EID_20936,0.2182704210281372
EID_9705,0.23691043257713318
EID_24181,0.18757107853889465
EID_22138,0.2372255027294159
EID_23044,0.18487903475761414
EID_9038,0.2812654972076416
EID_3247,0.24855855107307434
EID_19630,0.15286117792129517
EID_8655,0.17926323413848877
EID_10423,0.23894983530044556
EID_3946,0.16907796263694763
EID_16512,0.3064150810241699
EID_12473,0.3320295214653015
EID_11571,0.2356858253479004
EID_14381,0.25273650884628296
EID_12675,0.25609615445137024
EID_1930,0.1865530014038086
EID_20155,0.2035250961780548
EID_22902,0.2575184404850006
EID_24145,0.24604445695877075
EID_5342,0.18948769569396973
EID_8334,0.25345301628112793
EID_25708,0.16212546825408936
EID_19991,0.16628262400627136
EID_5499,0.21606403589248657
EID_5953,0.11373022198677063
EID_7444,0.24309730529785156
EID_6218,0.31847870349884033
EID_12891,0.1856452226638794
EID_16456,0.23817193508148193
EID_20256,0.22095555067062378
EID_9959,0.21729174256324768
EID_8845,0.21465006470680237
EID_1662,0.22309458255767822
EID_8739,0.1971796154975891
EID_20695,0.14936155080795288
EID_19446,0.18482941389083862
EID_12441,0.2253674566745758
EID_13066,0.21259543299674988
EID_8911,0.14317134022712708
EID_22200,0.2499506175518036
EID_9689,0.24592825770378113
EID_1668,0.2613272964954376
EID_8120,0.19704660773277283
EID_22777,0.20184534788131714
EID_19141,0.25644898414611816
EID_22674,0.2798706293106079
EID_16121,0.17775171995162964
EID_14662,0.2645438313484192
EID_23290,0.19706302881240845
EID_20144,0.20817333459854126
EID_23052,0.27836892008781433
EID_25575,0.2667351961135864
EID_23724,0.2575250267982483
EID_14759,0.2763405740261078
EID_25209,0.20316118001937866
EID_17753,0.23077651858329773
EID_4693,0.3125683665275574
EID_17284,0.28057122230529785
EID_9131,0.1506308913230896
EID_24625,0.24197238683700562
EID_24912,0.35468733310699463
EID_19612,0.24789440631866455
EID_9147,0.1429353952407837
EID_6891,0.2427348494529724
EID_10639,0.2573390603065491
EID_5880,0.15216735005378723
EID_22547,0.1815008521080017
EID_10066,0.12829667329788208
EID_7126,0.2339707911014557
EID_4929,0.17403918504714966
EID_24750,0.2056063711643219
